"MEASURE","Measure","PROP_TYPE","Property type","ASGS_2011","Region","FREQUENCY","Frequency","TIME","Time","Value","Flag Codes","Flags"
"3","Percentage change from corresponding quarter of the previous year","3","Residential property","2GMEL","Greater Melbourne","Q","Quarterly","2019-Q1","Mar-2019",-9.4,,
"3","Percentage change from corresponding quarter of the previous year","3","Residential property","2GMEL","Greater Melbourne","Q","Quarterly","2019-Q2","Jun-2019",-9.3,,
"3","Percentage change from corresponding quarter of the previous year","3","Residential property","2GMEL","Greater Melbourne","Q","Quarterly","2019-Q3","Sep-2019",-3.5,,
"3","Percentage change from corresponding quarter of the previous year","3","Residential property","2GMEL","Greater Melbourne","Q","Quarterly","2019-Q4","Dec-2019",4.1,,
"3","Percentage change from corresponding quarter of the previous year","3","Residential property","2GMEL","Greater Melbourne","Q","Quarterly","2020-Q1","Mar-2020",10.4,,
"3","Percentage change from corresponding quarter of the previous year","3","Residential property","2GMEL","Greater Melbourne","Q","Quarterly","2020-Q2","Jun-2020",8.8,,
"3","Percentage change from corresponding quarter of the previous year","3","Residential property","2GMEL","Greater Melbourne","Q","Quarterly","2020-Q3","Sep-2020",4.7,,
"3","Percentage change from corresponding quarter of the previous year","3","Residential property","2GMEL","Greater Melbourne","Q","Quarterly","2020-Q4","Dec-2020",2.9,,
"3","Percentage change from corresponding quarter of the previous year","1","Attached dwellings","7GDAR","Greater Darwin","Q","Quarterly","2019-Q1","Mar-2019",-7.9,,
"3","Percentage change from corresponding quarter of the previous year","1","Attached dwellings","7GDAR","Greater Darwin","Q","Quarterly","2019-Q2","Jun-2019",-8.8,,
"3","Percentage change from corresponding quarter of the previous year","1","Attached dwellings","7GDAR","Greater Darwin","Q","Quarterly","2019-Q3","Sep-2019",-8.7,,
"3","Percentage change from corresponding quarter of the previous year","1","Attached dwellings","7GDAR","Greater Darwin","Q","Quarterly","2019-Q4","Dec-2019",-7.2,,
"3","Percentage change from corresponding quarter of the previous year","1","Attached dwellings","7GDAR","Greater Darwin","Q","Quarterly","2020-Q1","Mar-2020",-5.3,,
"3","Percentage change from corresponding quarter of the previous year","1","Attached dwellings","7GDAR","Greater Darwin","Q","Quarterly","2020-Q2","Jun-2020",-4.1,"i","imputed"
"3","Percentage change from corresponding quarter of the previous year","1","Attached dwellings","7GDAR","Greater Darwin","Q","Quarterly","2020-Q3","Sep-2020",-1.3,"i","imputed"
"3","Percentage change from corresponding quarter of the previous year","1","Attached dwellings","7GDAR","Greater Darwin","Q","Quarterly","2020-Q4","Dec-2020",1.1,,
"2","Percentage change from previous quarter","3","Residential property","1GSYD","Greater Sydney","Q","Quarterly","2019-Q1","Mar-2019",-3.9,,
"2","Percentage change from previous quarter","3","Residential property","1GSYD","Greater Sydney","Q","Quarterly","2019-Q2","Jun-2019",-0.5,,
"2","Percentage change from previous quarter","3","Residential property","1GSYD","Greater Sydney","Q","Quarterly","2019-Q3","Sep-2019",3.6,,
"2","Percentage change from previous quarter","3","Residential property","1GSYD","Greater Sydney","Q","Quarterly","2019-Q4","Dec-2019",4.7,,
"2","Percentage change from previous quarter","3","Residential property","1GSYD","Greater Sydney","Q","Quarterly","2020-Q1","Mar-2020",1.9,,
"2","Percentage change from previous quarter","3","Residential property","1GSYD","Greater Sydney","Q","Quarterly","2020-Q2","Jun-2020",-2.2,,
"2","Percentage change from previous quarter","3","Residential property","1GSYD","Greater Sydney","Q","Quarterly","2020-Q3","Sep-2020",1,,
"2","Percentage change from previous quarter","3","Residential property","1GSYD","Greater Sydney","Q","Quarterly","2020-Q4","Dec-2020",3,,
"2","Percentage change from previous quarter","2","Established houses","3GBRI","Greater Brisbane","Q","Quarterly","2019-Q1","Mar-2019",-1.5,,
"2","Percentage change from previous quarter","2","Established houses","3GBRI","Greater Brisbane","Q","Quarterly","2019-Q2","Jun-2019",-0.9,,
"2","Percentage change from previous quarter","2","Established houses","3GBRI","Greater Brisbane","Q","Quarterly","2019-Q3","Sep-2019",0.9,,
"2","Percentage change from previous quarter","2","Established houses","3GBRI","Greater Brisbane","Q","Quarterly","2019-Q4","Dec-2019",2,,
"2","Percentage change from previous quarter","2","Established houses","3GBRI","Greater Brisbane","Q","Quarterly","2020-Q1","Mar-2020",1.1,,
"2","Percentage change from previous quarter","2","Established houses","3GBRI","Greater Brisbane","Q","Quarterly","2020-Q2","Jun-2020",-0.9,,
"2","Percentage change from previous quarter","2","Established houses","3GBRI","Greater Brisbane","Q","Quarterly","2020-Q3","Sep-2020",1.6,,
"2","Percentage change from previous quarter","2","Established houses","3GBRI","Greater Brisbane","Q","Quarterly","2020-Q4","Dec-2020",2.9,,
"2","Percentage change from previous quarter","1","Attached dwellings","100","Weighted average of eight capital cities","Q","Quarterly","2019-Q1","Mar-2019",-3,,
"2","Percentage change from previous quarter","1","Attached dwellings","100","Weighted average of eight capital cities","Q","Quarterly","2019-Q2","Jun-2019",-0.8,,
"2","Percentage change from previous quarter","1","Attached dwellings","100","Weighted average of eight capital cities","Q","Quarterly","2019-Q3","Sep-2019",2.5,,
"2","Percentage change from previous quarter","1","Attached dwellings","100","Weighted average of eight capital cities","Q","Quarterly","2019-Q4","Dec-2019",3.4,,
"2","Percentage change from previous quarter","1","Attached dwellings","100","Weighted average of eight capital cities","Q","Quarterly","2020-Q1","Mar-2020",0.7,,
"2","Percentage change from previous quarter","1","Attached dwellings","100","Weighted average of eight capital cities","Q","Quarterly","2020-Q2","Jun-2020",-1.2,,
"2","Percentage change from previous quarter","1","Attached dwellings","100","Weighted average of eight capital cities","Q","Quarterly","2020-Q3","Sep-2020",0.3,,
"2","Percentage change from previous quarter","1","Attached dwellings","100","Weighted average of eight capital cities","Q","Quarterly","2020-Q4","Dec-2020",1.8,,
"1","Index Number","1","Attached dwellings","7GDAR","Greater Darwin","Q","Quarterly","2019-Q1","Mar-2019",83.3,,
"1","Index Number","1","Attached dwellings","7GDAR","Greater Darwin","Q","Quarterly","2019-Q2","Jun-2019",81.1,,
"1","Index Number","1","Attached dwellings","7GDAR","Greater Darwin","Q","Quarterly","2019-Q3","Sep-2019",79,,
"1","Index Number","1","Attached dwellings","7GDAR","Greater Darwin","Q","Quarterly","2019-Q4","Dec-2019",78.5,,
"1","Index Number","1","Attached dwellings","7GDAR","Greater Darwin","Q","Quarterly","2020-Q1","Mar-2020",78.9,,
"1","Index Number","1","Attached dwellings","7GDAR","Greater Darwin","Q","Quarterly","2020-Q2","Jun-2020",77.8,"i","imputed"
"1","Index Number","1","Attached dwellings","7GDAR","Greater Darwin","Q","Quarterly","2020-Q3","Sep-2020",78,"i","imputed"
"1","Index Number","1","Attached dwellings","7GDAR","Greater Darwin","Q","Quarterly","2020-Q4","Dec-2020",79.4,,
"1","Index Number","1","Attached dwellings","5GPER","Greater Perth","Q","Quarterly","2019-Q1","Mar-2019",94.3,,
"1","Index Number","1","Attached dwellings","5GPER","Greater Perth","Q","Quarterly","2019-Q2","Jun-2019",91.9,,
"1","Index Number","1","Attached dwellings","5GPER","Greater Perth","Q","Quarterly","2019-Q3","Sep-2019",92.8,,
"1","Index Number","1","Attached dwellings","5GPER","Greater Perth","Q","Quarterly","2019-Q4","Dec-2019",92.7,,
"1","Index Number","1","Attached dwellings","5GPER","Greater Perth","Q","Quarterly","2020-Q1","Mar-2020",92.2,,
"1","Index Number","1","Attached dwellings","5GPER","Greater Perth","Q","Quarterly","2020-Q2","Jun-2020",90.3,,
"1","Index Number","1","Attached dwellings","5GPER","Greater Perth","Q","Quarterly","2020-Q3","Sep-2020",91.5,,
"1","Index Number","1","Attached dwellings","5GPER","Greater Perth","Q","Quarterly","2020-Q4","Dec-2020",93.5,,
"3","Percentage change from corresponding quarter of the previous year","1","Attached dwellings","3GBRI","Greater Brisbane","Q","Quarterly","2019-Q1","Mar-2019",-2.7,,
"3","Percentage change from corresponding quarter of the previous year","1","Attached dwellings","3GBRI","Greater Brisbane","Q","Quarterly","2019-Q2","Jun-2019",-3.2,,
"3","Percentage change from corresponding quarter of the previous year","1","Attached dwellings","3GBRI","Greater Brisbane","Q","Quarterly","2019-Q3","Sep-2019",-2.6,,
"3","Percentage change from corresponding quarter of the previous year","1","Attached dwellings","3GBRI","Greater Brisbane","Q","Quarterly","2019-Q4","Dec-2019",-0.5,,
"3","Percentage change from corresponding quarter of the previous year","1","Attached dwellings","3GBRI","Greater Brisbane","Q","Quarterly","2020-Q1","Mar-2020",0.1,,
"3","Percentage change from corresponding quarter of the previous year","1","Attached dwellings","3GBRI","Greater Brisbane","Q","Quarterly","2020-Q2","Jun-2020",-0.7,,
"3","Percentage change from corresponding quarter of the previous year","1","Attached dwellings","3GBRI","Greater Brisbane","Q","Quarterly","2020-Q3","Sep-2020",0.3,,
"3","Percentage change from corresponding quarter of the previous year","1","Attached dwellings","3GBRI","Greater Brisbane","Q","Quarterly","2020-Q4","Dec-2020",1,,
"3","Percentage change from corresponding quarter of the previous year","2","Established houses","1GSYD","Greater Sydney","Q","Quarterly","2019-Q1","Mar-2019",-11,,
"3","Percentage change from corresponding quarter of the previous year","2","Established houses","1GSYD","Greater Sydney","Q","Quarterly","2019-Q2","Jun-2019",-10.1,,
"3","Percentage change from corresponding quarter of the previous year","2","Established houses","1GSYD","Greater Sydney","Q","Quarterly","2019-Q3","Sep-2019",-4.5,,
"3","Percentage change from corresponding quarter of the previous year","2","Established houses","1GSYD","Greater Sydney","Q","Quarterly","2019-Q4","Dec-2019",4.5,,
"3","Percentage change from corresponding quarter of the previous year","2","Established houses","1GSYD","Greater Sydney","Q","Quarterly","2020-Q1","Mar-2020",12,,
"3","Percentage change from corresponding quarter of the previous year","2","Established houses","1GSYD","Greater Sydney","Q","Quarterly","2020-Q2","Jun-2020",9.2,,
"3","Percentage change from corresponding quarter of the previous year","2","Established houses","1GSYD","Greater Sydney","Q","Quarterly","2020-Q3","Sep-2020",6.6,,
"3","Percentage change from corresponding quarter of the previous year","2","Established houses","1GSYD","Greater Sydney","Q","Quarterly","2020-Q4","Dec-2020",5.3,,
"2","Percentage change from previous quarter","3","Residential property","4GADE","Greater Adelaide","Q","Quarterly","2019-Q1","Mar-2019",-0.2,,
"2","Percentage change from previous quarter","3","Residential property","4GADE","Greater Adelaide","Q","Quarterly","2019-Q2","Jun-2019",-0.6,,
"2","Percentage change from previous quarter","3","Residential property","4GADE","Greater Adelaide","Q","Quarterly","2019-Q3","Sep-2019",-0.3,,
"2","Percentage change from previous quarter","3","Residential property","4GADE","Greater Adelaide","Q","Quarterly","2019-Q4","Dec-2019",1.4,,
"2","Percentage change from previous quarter","3","Residential property","4GADE","Greater Adelaide","Q","Quarterly","2020-Q1","Mar-2020",0.4,,
"2","Percentage change from previous quarter","3","Residential property","4GADE","Greater Adelaide","Q","Quarterly","2020-Q2","Jun-2020",-0.8,,
"2","Percentage change from previous quarter","3","Residential property","4GADE","Greater Adelaide","Q","Quarterly","2020-Q3","Sep-2020",1.6,,
"2","Percentage change from previous quarter","3","Residential property","4GADE","Greater Adelaide","Q","Quarterly","2020-Q4","Dec-2020",2.6,,
"3","Percentage change from corresponding quarter of the previous year","2","Established houses","8ACTE","Australian Capital Territory","Q","Quarterly","2019-Q1","Mar-2019",-0.5,,
"3","Percentage change from corresponding quarter of the previous year","2","Established houses","8ACTE","Australian Capital Territory","Q","Quarterly","2019-Q2","Jun-2019",-0.5,,
"3","Percentage change from corresponding quarter of the previous year","2","Established houses","8ACTE","Australian Capital Territory","Q","Quarterly","2019-Q3","Sep-2019",-2.3,,
"3","Percentage change from corresponding quarter of the previous year","2","Established houses","8ACTE","Australian Capital Territory","Q","Quarterly","2019-Q4","Dec-2019",1.3,,
"3","Percentage change from corresponding quarter of the previous year","2","Established houses","8ACTE","Australian Capital Territory","Q","Quarterly","2020-Q1","Mar-2020",3.5,,
"3","Percentage change from corresponding quarter of the previous year","2","Established houses","8ACTE","Australian Capital Territory","Q","Quarterly","2020-Q2","Jun-2020",3.7,,
"3","Percentage change from corresponding quarter of the previous year","2","Established houses","8ACTE","Australian Capital Territory","Q","Quarterly","2020-Q3","Sep-2020",6.2,,
"3","Percentage change from corresponding quarter of the previous year","2","Established houses","8ACTE","Australian Capital Territory","Q","Quarterly","2020-Q4","Dec-2020",6.3,,
"3","Percentage change from corresponding quarter of the previous year","1","Attached dwellings","5GPER","Greater Perth","Q","Quarterly","2019-Q1","Mar-2019",-3.9,,
"3","Percentage change from corresponding quarter of the previous year","1","Attached dwellings","5GPER","Greater Perth","Q","Quarterly","2019-Q2","Jun-2019",-5.2,,
"3","Percentage change from corresponding quarter of the previous year","1","Attached dwellings","5GPER","Greater Perth","Q","Quarterly","2019-Q3","Sep-2019",-3.1,,
"3","Percentage change from corresponding quarter of the previous year","1","Attached dwellings","5GPER","Greater Perth","Q","Quarterly","2019-Q4","Dec-2019",-1.8,,
"3","Percentage change from corresponding quarter of the previous year","1","Attached dwellings","5GPER","Greater Perth","Q","Quarterly","2020-Q1","Mar-2020",-2.2,,
"3","Percentage change from corresponding quarter of the previous year","1","Attached dwellings","5GPER","Greater Perth","Q","Quarterly","2020-Q2","Jun-2020",-1.7,,
"3","Percentage change from corresponding quarter of the previous year","1","Attached dwellings","5GPER","Greater Perth","Q","Quarterly","2020-Q3","Sep-2020",-1.4,,
"3","Percentage change from corresponding quarter of the previous year","1","Attached dwellings","5GPER","Greater Perth","Q","Quarterly","2020-Q4","Dec-2020",0.9,,
"1","Index Number","3","Residential property","3GBRI","Greater Brisbane","Q","Quarterly","2019-Q1","Mar-2019",121.7,,
"1","Index Number","3","Residential property","3GBRI","Greater Brisbane","Q","Quarterly","2019-Q2","Jun-2019",120.9,,
"1","Index Number","3","Residential property","3GBRI","Greater Brisbane","Q","Quarterly","2019-Q3","Sep-2019",121.8,,
"1","Index Number","3","Residential property","3GBRI","Greater Brisbane","Q","Quarterly","2019-Q4","Dec-2019",124,,
"1","Index Number","3","Residential property","3GBRI","Greater Brisbane","Q","Quarterly","2020-Q1","Mar-2020",124.8,,
"1","Index Number","3","Residential property","3GBRI","Greater Brisbane","Q","Quarterly","2020-Q2","Jun-2020",123.7,,
"1","Index Number","3","Residential property","3GBRI","Greater Brisbane","Q","Quarterly","2020-Q3","Sep-2020",125.6,,
"1","Index Number","3","Residential property","3GBRI","Greater Brisbane","Q","Quarterly","2020-Q4","Dec-2020",129,,
"1","Index Number","2","Established houses","100","Weighted average of eight capital cities","Q","Quarterly","2019-Q1","Mar-2019",139,,
"1","Index Number","2","Established houses","100","Weighted average of eight capital cities","Q","Quarterly","2019-Q2","Jun-2019",138.1,,
"1","Index Number","2","Established houses","100","Weighted average of eight capital cities","Q","Quarterly","2019-Q3","Sep-2019",141.5,,
"1","Index Number","2","Established houses","100","Weighted average of eight capital cities","Q","Quarterly","2019-Q4","Dec-2019",147.4,,
"1","Index Number","2","Established houses","100","Weighted average of eight capital cities","Q","Quarterly","2020-Q1","Mar-2020",150.3,,
"1","Index Number","2","Established houses","100","Weighted average of eight capital cities","Q","Quarterly","2020-Q2","Jun-2020",147.2,,
"1","Index Number","2","Established houses","100","Weighted average of eight capital cities","Q","Quarterly","2020-Q3","Sep-2020",148.6,,
"1","Index Number","2","Established houses","100","Weighted average of eight capital cities","Q","Quarterly","2020-Q4","Dec-2020",153.8,,
"3","Percentage change from corresponding quarter of the previous year","3","Residential property","100","Weighted average of eight capital cities","Q","Quarterly","2019-Q1","Mar-2019",-7.4,,
"3","Percentage change from corresponding quarter of the previous year","3","Residential property","100","Weighted average of eight capital cities","Q","Quarterly","2019-Q2","Jun-2019",-7.4,,
"3","Percentage change from corresponding quarter of the previous year","3","Residential property","100","Weighted average of eight capital cities","Q","Quarterly","2019-Q3","Sep-2019",-3.7,,
"3","Percentage change from corresponding quarter of the previous year","3","Residential property","100","Weighted average of eight capital cities","Q","Quarterly","2019-Q4","Dec-2019",2.5,,
"3","Percentage change from corresponding quarter of the previous year","3","Residential property","100","Weighted average of eight capital cities","Q","Quarterly","2020-Q1","Mar-2020",7.4,,
"3","Percentage change from corresponding quarter of the previous year","3","Residential property","100","Weighted average of eight capital cities","Q","Quarterly","2020-Q2","Jun-2020",6.2,,
"3","Percentage change from corresponding quarter of the previous year","3","Residential property","100","Weighted average of eight capital cities","Q","Quarterly","2020-Q3","Sep-2020",4.5,,
"3","Percentage change from corresponding quarter of the previous year","3","Residential property","100","Weighted average of eight capital cities","Q","Quarterly","2020-Q4","Dec-2020",3.6,,
"2","Percentage change from previous quarter","3","Residential property","6GHOB","Greater Hobart","Q","Quarterly","2019-Q1","Mar-2019",-0.4,,
"2","Percentage change from previous quarter","3","Residential property","6GHOB","Greater Hobart","Q","Quarterly","2019-Q2","Jun-2019",0.5,,
"2","Percentage change from previous quarter","3","Residential property","6GHOB","Greater Hobart","Q","Quarterly","2019-Q3","Sep-2019",1.3,,
"2","Percentage change from previous quarter","3","Residential property","6GHOB","Greater Hobart","Q","Quarterly","2019-Q4","Dec-2019",2.7,,
"2","Percentage change from previous quarter","3","Residential property","6GHOB","Greater Hobart","Q","Quarterly","2020-Q1","Mar-2020",2.4,,
"2","Percentage change from previous quarter","3","Residential property","6GHOB","Greater Hobart","Q","Quarterly","2020-Q2","Jun-2020",-0.4,,
"2","Percentage change from previous quarter","3","Residential property","6GHOB","Greater Hobart","Q","Quarterly","2020-Q3","Sep-2020",1.2,,
"2","Percentage change from previous quarter","3","Residential property","6GHOB","Greater Hobart","Q","Quarterly","2020-Q4","Dec-2020",3.1,,
"1","Index Number","2","Established houses","8ACTE","Australian Capital Territory","Q","Quarterly","2019-Q1","Mar-2019",130.8,,
"1","Index Number","2","Established houses","8ACTE","Australian Capital Territory","Q","Quarterly","2019-Q2","Jun-2019",131.6,,
"1","Index Number","2","Established houses","8ACTE","Australian Capital Territory","Q","Quarterly","2019-Q3","Sep-2019",129.7,,
"1","Index Number","2","Established houses","8ACTE","Australian Capital Territory","Q","Quarterly","2019-Q4","Dec-2019",134,,
"1","Index Number","2","Established houses","8ACTE","Australian Capital Territory","Q","Quarterly","2020-Q1","Mar-2020",135.4,,
"1","Index Number","2","Established houses","8ACTE","Australian Capital Territory","Q","Quarterly","2020-Q2","Jun-2020",136.5,,
"1","Index Number","2","Established houses","8ACTE","Australian Capital Territory","Q","Quarterly","2020-Q3","Sep-2020",137.7,,
"1","Index Number","2","Established houses","8ACTE","Australian Capital Territory","Q","Quarterly","2020-Q4","Dec-2020",142.5,,
"3","Percentage change from corresponding quarter of the previous year","2","Established houses","6GHOB","Greater Hobart","Q","Quarterly","2019-Q1","Mar-2019",3.8,,
"3","Percentage change from corresponding quarter of the previous year","2","Established houses","6GHOB","Greater Hobart","Q","Quarterly","2019-Q2","Jun-2019",1.3,,
"3","Percentage change from corresponding quarter of the previous year","2","Established houses","6GHOB","Greater Hobart","Q","Quarterly","2019-Q3","Sep-2019",1.9,,
"3","Percentage change from corresponding quarter of the previous year","2","Established houses","6GHOB","Greater Hobart","Q","Quarterly","2019-Q4","Dec-2019",4.2,,
"3","Percentage change from corresponding quarter of the previous year","2","Established houses","6GHOB","Greater Hobart","Q","Quarterly","2020-Q1","Mar-2020",7,,
"3","Percentage change from corresponding quarter of the previous year","2","Established houses","6GHOB","Greater Hobart","Q","Quarterly","2020-Q2","Jun-2020",6.2,,
"3","Percentage change from corresponding quarter of the previous year","2","Established houses","6GHOB","Greater Hobart","Q","Quarterly","2020-Q3","Sep-2020",5.9,,
"3","Percentage change from corresponding quarter of the previous year","2","Established houses","6GHOB","Greater Hobart","Q","Quarterly","2020-Q4","Dec-2020",6.6,,
"3","Percentage change from corresponding quarter of the previous year","2","Established houses","4GADE","Greater Adelaide","Q","Quarterly","2019-Q1","Mar-2019",0.6,,
"3","Percentage change from corresponding quarter of the previous year","2","Established houses","4GADE","Greater Adelaide","Q","Quarterly","2019-Q2","Jun-2019",-0.4,,
"3","Percentage change from corresponding quarter of the previous year","2","Established houses","4GADE","Greater Adelaide","Q","Quarterly","2019-Q3","Sep-2019",-1.1,,
"3","Percentage change from corresponding quarter of the previous year","2","Established houses","4GADE","Greater Adelaide","Q","Quarterly","2019-Q4","Dec-2019",0.4,,
"3","Percentage change from corresponding quarter of the previous year","2","Established houses","4GADE","Greater Adelaide","Q","Quarterly","2020-Q1","Mar-2020",1,,
"3","Percentage change from corresponding quarter of the previous year","2","Established houses","4GADE","Greater Adelaide","Q","Quarterly","2020-Q2","Jun-2020",0.7,,
"3","Percentage change from corresponding quarter of the previous year","2","Established houses","4GADE","Greater Adelaide","Q","Quarterly","2020-Q3","Sep-2020",2.9,,
"3","Percentage change from corresponding quarter of the previous year","2","Established houses","4GADE","Greater Adelaide","Q","Quarterly","2020-Q4","Dec-2020",3.9,,
"3","Percentage change from corresponding quarter of the previous year","1","Attached dwellings","1GSYD","Greater Sydney","Q","Quarterly","2019-Q1","Mar-2019",-8.8,,
"3","Percentage change from corresponding quarter of the previous year","1","Attached dwellings","1GSYD","Greater Sydney","Q","Quarterly","2019-Q2","Jun-2019",-8.6,,
"3","Percentage change from corresponding quarter of the previous year","1","Attached dwellings","1GSYD","Greater Sydney","Q","Quarterly","2019-Q3","Sep-2019",-4.8,,
"3","Percentage change from corresponding quarter of the previous year","1","Attached dwellings","1GSYD","Greater Sydney","Q","Quarterly","2019-Q4","Dec-2019",2.1,,
"3","Percentage change from corresponding quarter of the previous year","1","Attached dwellings","1GSYD","Greater Sydney","Q","Quarterly","2020-Q1","Mar-2020",6.5,,
"3","Percentage change from corresponding quarter of the previous year","1","Attached dwellings","1GSYD","Greater Sydney","Q","Quarterly","2020-Q2","Jun-2020",6.1,,
"3","Percentage change from corresponding quarter of the previous year","1","Attached dwellings","1GSYD","Greater Sydney","Q","Quarterly","2020-Q3","Sep-2020",3.4,,
"3","Percentage change from corresponding quarter of the previous year","1","Attached dwellings","1GSYD","Greater Sydney","Q","Quarterly","2020-Q4","Dec-2020",1,,
"1","Index Number","1","Attached dwellings","6GHOB","Greater Hobart","Q","Quarterly","2019-Q1","Mar-2019",148.5,,
"1","Index Number","1","Attached dwellings","6GHOB","Greater Hobart","Q","Quarterly","2019-Q2","Jun-2019",149.9,,
"1","Index Number","1","Attached dwellings","6GHOB","Greater Hobart","Q","Quarterly","2019-Q3","Sep-2019",150,,
"1","Index Number","1","Attached dwellings","6GHOB","Greater Hobart","Q","Quarterly","2019-Q4","Dec-2019",155.2,,
"1","Index Number","1","Attached dwellings","6GHOB","Greater Hobart","Q","Quarterly","2020-Q1","Mar-2020",158.9,,
"1","Index Number","1","Attached dwellings","6GHOB","Greater Hobart","Q","Quarterly","2020-Q2","Jun-2020",158.2,"i","imputed"
"1","Index Number","1","Attached dwellings","6GHOB","Greater Hobart","Q","Quarterly","2020-Q3","Sep-2020",159.6,,
"1","Index Number","1","Attached dwellings","6GHOB","Greater Hobart","Q","Quarterly","2020-Q4","Dec-2020",164.5,,
"2","Percentage change from previous quarter","2","Established houses","4GADE","Greater Adelaide","Q","Quarterly","2019-Q1","Mar-2019",-0.2,,
"2","Percentage change from previous quarter","2","Established houses","4GADE","Greater Adelaide","Q","Quarterly","2019-Q2","Jun-2019",-0.7,,
"2","Percentage change from previous quarter","2","Established houses","4GADE","Greater Adelaide","Q","Quarterly","2019-Q3","Sep-2019",-0.3,,
"2","Percentage change from previous quarter","2","Established houses","4GADE","Greater Adelaide","Q","Quarterly","2019-Q4","Dec-2019",1.6,,
"2","Percentage change from previous quarter","2","Established houses","4GADE","Greater Adelaide","Q","Quarterly","2020-Q1","Mar-2020",0.4,,
"2","Percentage change from previous quarter","2","Established houses","4GADE","Greater Adelaide","Q","Quarterly","2020-Q2","Jun-2020",-1,,
"2","Percentage change from previous quarter","2","Established houses","4GADE","Greater Adelaide","Q","Quarterly","2020-Q3","Sep-2020",1.9,,
"2","Percentage change from previous quarter","2","Established houses","4GADE","Greater Adelaide","Q","Quarterly","2020-Q4","Dec-2020",2.6,,
"3","Percentage change from corresponding quarter of the previous year","3","Residential property","7GDAR","Greater Darwin","Q","Quarterly","2019-Q1","Mar-2019",-4.2,,
"3","Percentage change from corresponding quarter of the previous year","3","Residential property","7GDAR","Greater Darwin","Q","Quarterly","2019-Q2","Jun-2019",-5,,
"3","Percentage change from corresponding quarter of the previous year","3","Residential property","7GDAR","Greater Darwin","Q","Quarterly","2019-Q3","Sep-2019",-5.4,,
"3","Percentage change from corresponding quarter of the previous year","3","Residential property","7GDAR","Greater Darwin","Q","Quarterly","2019-Q4","Dec-2019",-5.5,,
"3","Percentage change from corresponding quarter of the previous year","3","Residential property","7GDAR","Greater Darwin","Q","Quarterly","2020-Q1","Mar-2020",-3.1,,
"3","Percentage change from corresponding quarter of the previous year","3","Residential property","7GDAR","Greater Darwin","Q","Quarterly","2020-Q2","Jun-2020",-2.7,,
"3","Percentage change from corresponding quarter of the previous year","3","Residential property","7GDAR","Greater Darwin","Q","Quarterly","2020-Q3","Sep-2020",-0.7,"i","imputed"
"3","Percentage change from corresponding quarter of the previous year","3","Residential property","7GDAR","Greater Darwin","Q","Quarterly","2020-Q4","Dec-2020",2.3,,
"1","Index Number","3","Residential property","5GPER","Greater Perth","Q","Quarterly","2019-Q1","Mar-2019",101.1,,
"1","Index Number","3","Residential property","5GPER","Greater Perth","Q","Quarterly","2019-Q2","Jun-2019",99.7,,
"1","Index Number","3","Residential property","5GPER","Greater Perth","Q","Quarterly","2019-Q3","Sep-2019",98.5,,
"1","Index Number","3","Residential property","5GPER","Greater Perth","Q","Quarterly","2019-Q4","Dec-2019",99.6,,
"1","Index Number","3","Residential property","5GPER","Greater Perth","Q","Quarterly","2020-Q1","Mar-2020",100.2,,
"1","Index Number","3","Residential property","5GPER","Greater Perth","Q","Quarterly","2020-Q2","Jun-2020",99.5,,
"1","Index Number","3","Residential property","5GPER","Greater Perth","Q","Quarterly","2020-Q3","Sep-2020",100.9,,
"1","Index Number","3","Residential property","5GPER","Greater Perth","Q","Quarterly","2020-Q4","Dec-2020",103.8,,
"2","Percentage change from previous quarter","2","Established houses","6GHOB","Greater Hobart","Q","Quarterly","2019-Q1","Mar-2019",-0.2,,
"2","Percentage change from previous quarter","2","Established houses","6GHOB","Greater Hobart","Q","Quarterly","2019-Q2","Jun-2019",0.3,,
"2","Percentage change from previous quarter","2","Established houses","6GHOB","Greater Hobart","Q","Quarterly","2019-Q3","Sep-2019",1.5,,
"2","Percentage change from previous quarter","2","Established houses","6GHOB","Greater Hobart","Q","Quarterly","2019-Q4","Dec-2019",2.6,,
"2","Percentage change from previous quarter","2","Established houses","6GHOB","Greater Hobart","Q","Quarterly","2020-Q1","Mar-2020",2.4,,
"2","Percentage change from previous quarter","2","Established houses","6GHOB","Greater Hobart","Q","Quarterly","2020-Q2","Jun-2020",-0.4,,
"2","Percentage change from previous quarter","2","Established houses","6GHOB","Greater Hobart","Q","Quarterly","2020-Q3","Sep-2020",1.2,,
"2","Percentage change from previous quarter","2","Established houses","6GHOB","Greater Hobart","Q","Quarterly","2020-Q4","Dec-2020",3.2,,
"3","Percentage change from corresponding quarter of the previous year","2","Established houses","100","Weighted average of eight capital cities","Q","Quarterly","2019-Q1","Mar-2019",-7.7,,
"3","Percentage change from corresponding quarter of the previous year","2","Established houses","100","Weighted average of eight capital cities","Q","Quarterly","2019-Q2","Jun-2019",-7.7,,
"3","Percentage change from corresponding quarter of the previous year","2","Established houses","100","Weighted average of eight capital cities","Q","Quarterly","2019-Q3","Sep-2019",-3.9,,
"3","Percentage change from corresponding quarter of the previous year","2","Established houses","100","Weighted average of eight capital cities","Q","Quarterly","2019-Q4","Dec-2019",2.8,,
"3","Percentage change from corresponding quarter of the previous year","2","Established houses","100","Weighted average of eight capital cities","Q","Quarterly","2020-Q1","Mar-2020",8.1,,
"3","Percentage change from corresponding quarter of the previous year","2","Established houses","100","Weighted average of eight capital cities","Q","Quarterly","2020-Q2","Jun-2020",6.6,,
"3","Percentage change from corresponding quarter of the previous year","2","Established houses","100","Weighted average of eight capital cities","Q","Quarterly","2020-Q3","Sep-2020",5,,
"3","Percentage change from corresponding quarter of the previous year","2","Established houses","100","Weighted average of eight capital cities","Q","Quarterly","2020-Q4","Dec-2020",4.3,,
"2","Percentage change from previous quarter","2","Established houses","7GDAR","Greater Darwin","Q","Quarterly","2019-Q1","Mar-2019",-2,,
"2","Percentage change from previous quarter","2","Established houses","7GDAR","Greater Darwin","Q","Quarterly","2019-Q2","Jun-2019",-1.5,,
"2","Percentage change from previous quarter","2","Established houses","7GDAR","Greater Darwin","Q","Quarterly","2019-Q3","Sep-2019",-0.6,,
"2","Percentage change from previous quarter","2","Established houses","7GDAR","Greater Darwin","Q","Quarterly","2019-Q4","Dec-2019",-0.8,,
"2","Percentage change from previous quarter","2","Established houses","7GDAR","Greater Darwin","Q","Quarterly","2020-Q1","Mar-2020",0.8,,
"2","Percentage change from previous quarter","2","Established houses","7GDAR","Greater Darwin","Q","Quarterly","2020-Q2","Jun-2020",-1.4,,
"2","Percentage change from previous quarter","2","Established houses","7GDAR","Greater Darwin","Q","Quarterly","2020-Q3","Sep-2020",1,"i","imputed"
"2","Percentage change from previous quarter","2","Established houses","7GDAR","Greater Darwin","Q","Quarterly","2020-Q4","Dec-2020",2.4,,
"1","Index Number","3","Residential property","7GDAR","Greater Darwin","Q","Quarterly","2019-Q1","Mar-2019",90.9,,
"1","Index Number","3","Residential property","7GDAR","Greater Darwin","Q","Quarterly","2019-Q2","Jun-2019",89.3,,
"1","Index Number","3","Residential property","7GDAR","Greater Darwin","Q","Quarterly","2019-Q3","Sep-2019",88.2,,
"1","Index Number","3","Residential property","7GDAR","Greater Darwin","Q","Quarterly","2019-Q4","Dec-2019",87.5,,
"1","Index Number","3","Residential property","7GDAR","Greater Darwin","Q","Quarterly","2020-Q1","Mar-2020",88.1,,
"1","Index Number","3","Residential property","7GDAR","Greater Darwin","Q","Quarterly","2020-Q2","Jun-2020",86.9,,
"1","Index Number","3","Residential property","7GDAR","Greater Darwin","Q","Quarterly","2020-Q3","Sep-2020",87.6,"i","imputed"
"1","Index Number","3","Residential property","7GDAR","Greater Darwin","Q","Quarterly","2020-Q4","Dec-2020",89.5,,
"3","Percentage change from corresponding quarter of the previous year","3","Residential property","3GBRI","Greater Brisbane","Q","Quarterly","2019-Q1","Mar-2019",-1.3,,
"3","Percentage change from corresponding quarter of the previous year","3","Residential property","3GBRI","Greater Brisbane","Q","Quarterly","2019-Q2","Jun-2019",-2.7,,
"3","Percentage change from corresponding quarter of the previous year","3","Residential property","3GBRI","Greater Brisbane","Q","Quarterly","2019-Q3","Sep-2019",-2.6,,
"3","Percentage change from corresponding quarter of the previous year","3","Residential property","3GBRI","Greater Brisbane","Q","Quarterly","2019-Q4","Dec-2019",0.3,,
"3","Percentage change from corresponding quarter of the previous year","3","Residential property","3GBRI","Greater Brisbane","Q","Quarterly","2020-Q1","Mar-2020",2.5,,
"3","Percentage change from corresponding quarter of the previous year","3","Residential property","3GBRI","Greater Brisbane","Q","Quarterly","2020-Q2","Jun-2020",2.3,,
"3","Percentage change from corresponding quarter of the previous year","3","Residential property","3GBRI","Greater Brisbane","Q","Quarterly","2020-Q3","Sep-2020",3.1,,
"3","Percentage change from corresponding quarter of the previous year","3","Residential property","3GBRI","Greater Brisbane","Q","Quarterly","2020-Q4","Dec-2020",4,,
"1","Index Number","1","Attached dwellings","1GSYD","Greater Sydney","Q","Quarterly","2019-Q1","Mar-2019",145.6,,
"1","Index Number","1","Attached dwellings","1GSYD","Greater Sydney","Q","Quarterly","2019-Q2","Jun-2019",144.1,,
"1","Index Number","1","Attached dwellings","1GSYD","Greater Sydney","Q","Quarterly","2019-Q3","Sep-2019",148.2,,
"1","Index Number","1","Attached dwellings","1GSYD","Greater Sydney","Q","Quarterly","2019-Q4","Dec-2019",153.8,,
"1","Index Number","1","Attached dwellings","1GSYD","Greater Sydney","Q","Quarterly","2020-Q1","Mar-2020",155.1,,
"1","Index Number","1","Attached dwellings","1GSYD","Greater Sydney","Q","Quarterly","2020-Q2","Jun-2020",152.9,,
"1","Index Number","1","Attached dwellings","1GSYD","Greater Sydney","Q","Quarterly","2020-Q3","Sep-2020",153.2,,
"1","Index Number","1","Attached dwellings","1GSYD","Greater Sydney","Q","Quarterly","2020-Q4","Dec-2020",155.3,,
"2","Percentage change from previous quarter","3","Residential property","100","Weighted average of eight capital cities","Q","Quarterly","2019-Q1","Mar-2019",-3,,
"2","Percentage change from previous quarter","3","Residential property","100","Weighted average of eight capital cities","Q","Quarterly","2019-Q2","Jun-2019",-0.7,,
"2","Percentage change from previous quarter","3","Residential property","100","Weighted average of eight capital cities","Q","Quarterly","2019-Q3","Sep-2019",2.4,,
"2","Percentage change from previous quarter","3","Residential property","100","Weighted average of eight capital cities","Q","Quarterly","2019-Q4","Dec-2019",3.9,,
"2","Percentage change from previous quarter","3","Residential property","100","Weighted average of eight capital cities","Q","Quarterly","2020-Q1","Mar-2020",1.6,,
"2","Percentage change from previous quarter","3","Residential property","100","Weighted average of eight capital cities","Q","Quarterly","2020-Q2","Jun-2020",-1.8,,
"2","Percentage change from previous quarter","3","Residential property","100","Weighted average of eight capital cities","Q","Quarterly","2020-Q3","Sep-2020",0.8,,
"2","Percentage change from previous quarter","3","Residential property","100","Weighted average of eight capital cities","Q","Quarterly","2020-Q4","Dec-2020",3,,
"1","Index Number","1","Attached dwellings","8ACTE","Australian Capital Territory","Q","Quarterly","2019-Q1","Mar-2019",104.6,,
"1","Index Number","1","Attached dwellings","8ACTE","Australian Capital Territory","Q","Quarterly","2019-Q2","Jun-2019",103.3,,
"1","Index Number","1","Attached dwellings","8ACTE","Australian Capital Territory","Q","Quarterly","2019-Q3","Sep-2019",105.8,,
"1","Index Number","1","Attached dwellings","8ACTE","Australian Capital Territory","Q","Quarterly","2019-Q4","Dec-2019",108.7,,
"1","Index Number","1","Attached dwellings","8ACTE","Australian Capital Territory","Q","Quarterly","2020-Q1","Mar-2020",106.1,,
"1","Index Number","1","Attached dwellings","8ACTE","Australian Capital Territory","Q","Quarterly","2020-Q2","Jun-2020",106.8,,
"1","Index Number","1","Attached dwellings","8ACTE","Australian Capital Territory","Q","Quarterly","2020-Q3","Sep-2020",107.7,,
"1","Index Number","1","Attached dwellings","8ACTE","Australian Capital Territory","Q","Quarterly","2020-Q4","Dec-2020",111,,
"3","Percentage change from corresponding quarter of the previous year","1","Attached dwellings","6GHOB","Greater Hobart","Q","Quarterly","2019-Q1","Mar-2019",9.3,,
"3","Percentage change from corresponding quarter of the previous year","1","Attached dwellings","6GHOB","Greater Hobart","Q","Quarterly","2019-Q2","Jun-2019",6.1,,
"3","Percentage change from corresponding quarter of the previous year","1","Attached dwellings","6GHOB","Greater Hobart","Q","Quarterly","2019-Q3","Sep-2019",3.1,,
"3","Percentage change from corresponding quarter of the previous year","1","Attached dwellings","6GHOB","Greater Hobart","Q","Quarterly","2019-Q4","Dec-2019",3.3,,
"3","Percentage change from corresponding quarter of the previous year","1","Attached dwellings","6GHOB","Greater Hobart","Q","Quarterly","2020-Q1","Mar-2020",7,,
"3","Percentage change from corresponding quarter of the previous year","1","Attached dwellings","6GHOB","Greater Hobart","Q","Quarterly","2020-Q2","Jun-2020",5.5,"i","imputed"
"3","Percentage change from corresponding quarter of the previous year","1","Attached dwellings","6GHOB","Greater Hobart","Q","Quarterly","2020-Q3","Sep-2020",6.4,,
"3","Percentage change from corresponding quarter of the previous year","1","Attached dwellings","6GHOB","Greater Hobart","Q","Quarterly","2020-Q4","Dec-2020",6,,
"3","Percentage change from corresponding quarter of the previous year","1","Attached dwellings","4GADE","Greater Adelaide","Q","Quarterly","2019-Q1","Mar-2019",2,,
"3","Percentage change from corresponding quarter of the previous year","1","Attached dwellings","4GADE","Greater Adelaide","Q","Quarterly","2019-Q2","Jun-2019",0.9,,
"3","Percentage change from corresponding quarter of the previous year","1","Attached dwellings","4GADE","Greater Adelaide","Q","Quarterly","2019-Q3","Sep-2019",-0.6,,
"3","Percentage change from corresponding quarter of the previous year","1","Attached dwellings","4GADE","Greater Adelaide","Q","Quarterly","2019-Q4","Dec-2019",0.2,,
"3","Percentage change from corresponding quarter of the previous year","1","Attached dwellings","4GADE","Greater Adelaide","Q","Quarterly","2020-Q1","Mar-2020",0.6,,
"3","Percentage change from corresponding quarter of the previous year","1","Attached dwellings","4GADE","Greater Adelaide","Q","Quarterly","2020-Q2","Jun-2020",0.5,,
"3","Percentage change from corresponding quarter of the previous year","1","Attached dwellings","4GADE","Greater Adelaide","Q","Quarterly","2020-Q3","Sep-2020",1.7,,
"3","Percentage change from corresponding quarter of the previous year","1","Attached dwellings","4GADE","Greater Adelaide","Q","Quarterly","2020-Q4","Dec-2020",3.3,,
"2","Percentage change from previous quarter","3","Residential property","8ACTE","Australian Capital Territory","Q","Quarterly","2019-Q1","Mar-2019",-0.9,,
"2","Percentage change from previous quarter","3","Residential property","8ACTE","Australian Capital Territory","Q","Quarterly","2019-Q2","Jun-2019",0.2,,
"2","Percentage change from previous quarter","3","Residential property","8ACTE","Australian Capital Territory","Q","Quarterly","2019-Q3","Sep-2019",-0.5,,
"2","Percentage change from previous quarter","3","Residential property","8ACTE","Australian Capital Territory","Q","Quarterly","2019-Q4","Dec-2019",3.1,,
"2","Percentage change from previous quarter","3","Residential property","8ACTE","Australian Capital Territory","Q","Quarterly","2020-Q1","Mar-2020",0.2,,
"2","Percentage change from previous quarter","3","Residential property","8ACTE","Australian Capital Territory","Q","Quarterly","2020-Q2","Jun-2020",0.8,,
"2","Percentage change from previous quarter","3","Residential property","8ACTE","Australian Capital Territory","Q","Quarterly","2020-Q3","Sep-2020",0.9,,
"2","Percentage change from previous quarter","3","Residential property","8ACTE","Australian Capital Territory","Q","Quarterly","2020-Q4","Dec-2020",3.4,,
"2","Percentage change from previous quarter","2","Established houses","5GPER","Greater Perth","Q","Quarterly","2019-Q1","Mar-2019",-1.3,,
"2","Percentage change from previous quarter","2","Established houses","5GPER","Greater Perth","Q","Quarterly","2019-Q2","Jun-2019",-1.1,,
"2","Percentage change from previous quarter","2","Established houses","5GPER","Greater Perth","Q","Quarterly","2019-Q3","Sep-2019",-1.7,,
"2","Percentage change from previous quarter","2","Established houses","5GPER","Greater Perth","Q","Quarterly","2019-Q4","Dec-2019",1.4,,
"2","Percentage change from previous quarter","2","Established houses","5GPER","Greater Perth","Q","Quarterly","2020-Q1","Mar-2020",0.8,,
"2","Percentage change from previous quarter","2","Established houses","5GPER","Greater Perth","Q","Quarterly","2020-Q2","Jun-2020",-0.3,,
"2","Percentage change from previous quarter","2","Established houses","5GPER","Greater Perth","Q","Quarterly","2020-Q3","Sep-2020",1.5,,
"2","Percentage change from previous quarter","2","Established houses","5GPER","Greater Perth","Q","Quarterly","2020-Q4","Dec-2020",3,,
"2","Percentage change from previous quarter","1","Attached dwellings","2GMEL","Greater Melbourne","Q","Quarterly","2019-Q1","Mar-2019",-4.2,,
"2","Percentage change from previous quarter","1","Attached dwellings","2GMEL","Greater Melbourne","Q","Quarterly","2019-Q2","Jun-2019",-0.3,,
"2","Percentage change from previous quarter","1","Attached dwellings","2GMEL","Greater Melbourne","Q","Quarterly","2019-Q3","Sep-2019",3.6,,
"2","Percentage change from previous quarter","1","Attached dwellings","2GMEL","Greater Melbourne","Q","Quarterly","2019-Q4","Dec-2019",4.3,,
"2","Percentage change from previous quarter","1","Attached dwellings","2GMEL","Greater Melbourne","Q","Quarterly","2020-Q1","Mar-2020",1.5,,
"2","Percentage change from previous quarter","1","Attached dwellings","2GMEL","Greater Melbourne","Q","Quarterly","2020-Q2","Jun-2020",-1,,
"2","Percentage change from previous quarter","1","Attached dwellings","2GMEL","Greater Melbourne","Q","Quarterly","2020-Q3","Sep-2020",-0.2,,
"2","Percentage change from previous quarter","1","Attached dwellings","2GMEL","Greater Melbourne","Q","Quarterly","2020-Q4","Dec-2020",2.5,,
"1","Index Number","2","Established houses","2GMEL","Greater Melbourne","Q","Quarterly","2019-Q1","Mar-2019",146,,
"1","Index Number","2","Established houses","2GMEL","Greater Melbourne","Q","Quarterly","2019-Q2","Jun-2019",144.5,,
"1","Index Number","2","Established houses","2GMEL","Greater Melbourne","Q","Quarterly","2019-Q3","Sep-2019",149.9,,
"1","Index Number","2","Established houses","2GMEL","Greater Melbourne","Q","Quarterly","2019-Q4","Dec-2019",158.2,,
"1","Index Number","2","Established houses","2GMEL","Greater Melbourne","Q","Quarterly","2020-Q1","Mar-2020",161.8,,
"1","Index Number","2","Established houses","2GMEL","Greater Melbourne","Q","Quarterly","2020-Q2","Jun-2020",157.3,,
"1","Index Number","2","Established houses","2GMEL","Greater Melbourne","Q","Quarterly","2020-Q3","Sep-2020",156.9,,
"1","Index Number","2","Established houses","2GMEL","Greater Melbourne","Q","Quarterly","2020-Q4","Dec-2020",162.7,,
"2","Percentage change from previous quarter","1","Attached dwellings","3GBRI","Greater Brisbane","Q","Quarterly","2019-Q1","Mar-2019",-1.6,,
"2","Percentage change from previous quarter","1","Attached dwellings","3GBRI","Greater Brisbane","Q","Quarterly","2019-Q2","Jun-2019",-0.1,,
"2","Percentage change from previous quarter","1","Attached dwellings","3GBRI","Greater Brisbane","Q","Quarterly","2019-Q3","Sep-2019",0.4,,
"2","Percentage change from previous quarter","1","Attached dwellings","3GBRI","Greater Brisbane","Q","Quarterly","2019-Q4","Dec-2019",0.8,,
"2","Percentage change from previous quarter","1","Attached dwellings","3GBRI","Greater Brisbane","Q","Quarterly","2020-Q1","Mar-2020",-1,,
"2","Percentage change from previous quarter","1","Attached dwellings","3GBRI","Greater Brisbane","Q","Quarterly","2020-Q2","Jun-2020",-0.8,,
"2","Percentage change from previous quarter","1","Attached dwellings","3GBRI","Greater Brisbane","Q","Quarterly","2020-Q3","Sep-2020",1.3,,
"2","Percentage change from previous quarter","1","Attached dwellings","3GBRI","Greater Brisbane","Q","Quarterly","2020-Q4","Dec-2020",1.6,,
"1","Index Number","1","Attached dwellings","4GADE","Greater Adelaide","Q","Quarterly","2019-Q1","Mar-2019",110.5,,
"1","Index Number","1","Attached dwellings","4GADE","Greater Adelaide","Q","Quarterly","2019-Q2","Jun-2019",110.5,,
"1","Index Number","1","Attached dwellings","4GADE","Greater Adelaide","Q","Quarterly","2019-Q3","Sep-2019",110.1,,
"1","Index Number","1","Attached dwellings","4GADE","Greater Adelaide","Q","Quarterly","2019-Q4","Dec-2019",110.8,,
"1","Index Number","1","Attached dwellings","4GADE","Greater Adelaide","Q","Quarterly","2020-Q1","Mar-2020",111.2,,
"1","Index Number","1","Attached dwellings","4GADE","Greater Adelaide","Q","Quarterly","2020-Q2","Jun-2020",111,,
"1","Index Number","1","Attached dwellings","4GADE","Greater Adelaide","Q","Quarterly","2020-Q3","Sep-2020",112,,
"1","Index Number","1","Attached dwellings","4GADE","Greater Adelaide","Q","Quarterly","2020-Q4","Dec-2020",114.5,,
"2","Percentage change from previous quarter","1","Attached dwellings","5GPER","Greater Perth","Q","Quarterly","2019-Q1","Mar-2019",-0.1,,
"2","Percentage change from previous quarter","1","Attached dwellings","5GPER","Greater Perth","Q","Quarterly","2019-Q2","Jun-2019",-2.5,,
"2","Percentage change from previous quarter","1","Attached dwellings","5GPER","Greater Perth","Q","Quarterly","2019-Q3","Sep-2019",1,,
"2","Percentage change from previous quarter","1","Attached dwellings","5GPER","Greater Perth","Q","Quarterly","2019-Q4","Dec-2019",-0.1,,
"2","Percentage change from previous quarter","1","Attached dwellings","5GPER","Greater Perth","Q","Quarterly","2020-Q1","Mar-2020",-0.5,,
"2","Percentage change from previous quarter","1","Attached dwellings","5GPER","Greater Perth","Q","Quarterly","2020-Q2","Jun-2020",-2.1,,
"2","Percentage change from previous quarter","1","Attached dwellings","5GPER","Greater Perth","Q","Quarterly","2020-Q3","Sep-2020",1.3,,
"2","Percentage change from previous quarter","1","Attached dwellings","5GPER","Greater Perth","Q","Quarterly","2020-Q4","Dec-2020",2.2,,
"2","Percentage change from previous quarter","2","Established houses","8ACTE","Australian Capital Territory","Q","Quarterly","2019-Q1","Mar-2019",-1.1,,
"2","Percentage change from previous quarter","2","Established houses","8ACTE","Australian Capital Territory","Q","Quarterly","2019-Q2","Jun-2019",0.6,,
"2","Percentage change from previous quarter","2","Established houses","8ACTE","Australian Capital Territory","Q","Quarterly","2019-Q3","Sep-2019",-1.4,,
"2","Percentage change from previous quarter","2","Established houses","8ACTE","Australian Capital Territory","Q","Quarterly","2019-Q4","Dec-2019",3.3,,
"2","Percentage change from previous quarter","2","Established houses","8ACTE","Australian Capital Territory","Q","Quarterly","2020-Q1","Mar-2020",1,,
"2","Percentage change from previous quarter","2","Established houses","8ACTE","Australian Capital Territory","Q","Quarterly","2020-Q2","Jun-2020",0.8,,
"2","Percentage change from previous quarter","2","Established houses","8ACTE","Australian Capital Territory","Q","Quarterly","2020-Q3","Sep-2020",0.9,,
"2","Percentage change from previous quarter","2","Established houses","8ACTE","Australian Capital Territory","Q","Quarterly","2020-Q4","Dec-2020",3.5,,
"3","Percentage change from corresponding quarter of the previous year","1","Attached dwellings","8ACTE","Australian Capital Territory","Q","Quarterly","2019-Q1","Mar-2019",1.7,,
"3","Percentage change from corresponding quarter of the previous year","1","Attached dwellings","8ACTE","Australian Capital Territory","Q","Quarterly","2019-Q2","Jun-2019",-0.5,,
"3","Percentage change from corresponding quarter of the previous year","1","Attached dwellings","8ACTE","Australian Capital Territory","Q","Quarterly","2019-Q3","Sep-2019",1.2,,
"3","Percentage change from corresponding quarter of the previous year","1","Attached dwellings","8ACTE","Australian Capital Territory","Q","Quarterly","2019-Q4","Dec-2019",3.8,,
"3","Percentage change from corresponding quarter of the previous year","1","Attached dwellings","8ACTE","Australian Capital Territory","Q","Quarterly","2020-Q1","Mar-2020",1.4,,
"3","Percentage change from corresponding quarter of the previous year","1","Attached dwellings","8ACTE","Australian Capital Territory","Q","Quarterly","2020-Q2","Jun-2020",3.4,,
"3","Percentage change from corresponding quarter of the previous year","1","Attached dwellings","8ACTE","Australian Capital Territory","Q","Quarterly","2020-Q3","Sep-2020",1.8,,
"3","Percentage change from corresponding quarter of the previous year","1","Attached dwellings","8ACTE","Australian Capital Territory","Q","Quarterly","2020-Q4","Dec-2020",2.1,,
"1","Index Number","2","Established houses","3GBRI","Greater Brisbane","Q","Quarterly","2019-Q1","Mar-2019",125.1,,
"1","Index Number","2","Established houses","3GBRI","Greater Brisbane","Q","Quarterly","2019-Q2","Jun-2019",124,,
"1","Index Number","2","Established houses","3GBRI","Greater Brisbane","Q","Quarterly","2019-Q3","Sep-2019",125.1,,
"1","Index Number","2","Established houses","3GBRI","Greater Brisbane","Q","Quarterly","2019-Q4","Dec-2019",127.6,,
"1","Index Number","2","Established houses","3GBRI","Greater Brisbane","Q","Quarterly","2020-Q1","Mar-2020",129,,
"1","Index Number","2","Established houses","3GBRI","Greater Brisbane","Q","Quarterly","2020-Q2","Jun-2020",127.8,,
"1","Index Number","2","Established houses","3GBRI","Greater Brisbane","Q","Quarterly","2020-Q3","Sep-2020",129.8,,
"1","Index Number","2","Established houses","3GBRI","Greater Brisbane","Q","Quarterly","2020-Q4","Dec-2020",133.6,,
"1","Index Number","3","Residential property","6GHOB","Greater Hobart","Q","Quarterly","2019-Q1","Mar-2019",146.2,,
"1","Index Number","3","Residential property","6GHOB","Greater Hobart","Q","Quarterly","2019-Q2","Jun-2019",146.9,,
"1","Index Number","3","Residential property","6GHOB","Greater Hobart","Q","Quarterly","2019-Q3","Sep-2019",148.8,,
"1","Index Number","3","Residential property","6GHOB","Greater Hobart","Q","Quarterly","2019-Q4","Dec-2019",152.8,,
"1","Index Number","3","Residential property","6GHOB","Greater Hobart","Q","Quarterly","2020-Q1","Mar-2020",156.5,,
"1","Index Number","3","Residential property","6GHOB","Greater Hobart","Q","Quarterly","2020-Q2","Jun-2020",155.8,,
"1","Index Number","3","Residential property","6GHOB","Greater Hobart","Q","Quarterly","2020-Q3","Sep-2020",157.7,,
"1","Index Number","3","Residential property","6GHOB","Greater Hobart","Q","Quarterly","2020-Q4","Dec-2020",162.6,,
"1","Index Number","1","Attached dwellings","100","Weighted average of eight capital cities","Q","Quarterly","2019-Q1","Mar-2019",126.2,,
"1","Index Number","1","Attached dwellings","100","Weighted average of eight capital cities","Q","Quarterly","2019-Q2","Jun-2019",125.2,,
"1","Index Number","1","Attached dwellings","100","Weighted average of eight capital cities","Q","Quarterly","2019-Q3","Sep-2019",128.3,,
"1","Index Number","1","Attached dwellings","100","Weighted average of eight capital cities","Q","Quarterly","2019-Q4","Dec-2019",132.6,,
"1","Index Number","1","Attached dwellings","100","Weighted average of eight capital cities","Q","Quarterly","2020-Q1","Mar-2020",133.5,,
"1","Index Number","1","Attached dwellings","100","Weighted average of eight capital cities","Q","Quarterly","2020-Q2","Jun-2020",131.9,,
"1","Index Number","1","Attached dwellings","100","Weighted average of eight capital cities","Q","Quarterly","2020-Q3","Sep-2020",132.3,,
"1","Index Number","1","Attached dwellings","100","Weighted average of eight capital cities","Q","Quarterly","2020-Q4","Dec-2020",134.7,,
"1","Index Number","1","Attached dwellings","2GMEL","Greater Melbourne","Q","Quarterly","2019-Q1","Mar-2019",116.6,,
"1","Index Number","1","Attached dwellings","2GMEL","Greater Melbourne","Q","Quarterly","2019-Q2","Jun-2019",116.2,,
"1","Index Number","1","Attached dwellings","2GMEL","Greater Melbourne","Q","Quarterly","2019-Q3","Sep-2019",120.4,,
"1","Index Number","1","Attached dwellings","2GMEL","Greater Melbourne","Q","Quarterly","2019-Q4","Dec-2019",125.6,,
"1","Index Number","1","Attached dwellings","2GMEL","Greater Melbourne","Q","Quarterly","2020-Q1","Mar-2020",127.5,,
"1","Index Number","1","Attached dwellings","2GMEL","Greater Melbourne","Q","Quarterly","2020-Q2","Jun-2020",126.2,,
"1","Index Number","1","Attached dwellings","2GMEL","Greater Melbourne","Q","Quarterly","2020-Q3","Sep-2020",126,,
"1","Index Number","1","Attached dwellings","2GMEL","Greater Melbourne","Q","Quarterly","2020-Q4","Dec-2020",129.2,,
"2","Percentage change from previous quarter","2","Established houses","1GSYD","Greater Sydney","Q","Quarterly","2019-Q1","Mar-2019",-4.2,,
"2","Percentage change from previous quarter","2","Established houses","1GSYD","Greater Sydney","Q","Quarterly","2019-Q2","Jun-2019",-0.2,,
"2","Percentage change from previous quarter","2","Established houses","1GSYD","Greater Sydney","Q","Quarterly","2019-Q3","Sep-2019",4,,
"2","Percentage change from previous quarter","2","Established houses","1GSYD","Greater Sydney","Q","Quarterly","2019-Q4","Dec-2019",5.2,,
"2","Percentage change from previous quarter","2","Established houses","1GSYD","Greater Sydney","Q","Quarterly","2020-Q1","Mar-2020",2.6,,
"2","Percentage change from previous quarter","2","Established houses","1GSYD","Greater Sydney","Q","Quarterly","2020-Q2","Jun-2020",-2.6,,
"2","Percentage change from previous quarter","2","Established houses","1GSYD","Greater Sydney","Q","Quarterly","2020-Q3","Sep-2020",1.4,,
"2","Percentage change from previous quarter","2","Established houses","1GSYD","Greater Sydney","Q","Quarterly","2020-Q4","Dec-2020",3.9,,
"1","Index Number","3","Residential property","8ACTE","Australian Capital Territory","Q","Quarterly","2019-Q1","Mar-2019",124.5,,
"1","Index Number","3","Residential property","8ACTE","Australian Capital Territory","Q","Quarterly","2019-Q2","Jun-2019",124.7,,
"1","Index Number","3","Residential property","8ACTE","Australian Capital Territory","Q","Quarterly","2019-Q3","Sep-2019",124.1,,
"1","Index Number","3","Residential property","8ACTE","Australian Capital Territory","Q","Quarterly","2019-Q4","Dec-2019",128,,
"1","Index Number","3","Residential property","8ACTE","Australian Capital Territory","Q","Quarterly","2020-Q1","Mar-2020",128.2,,
"1","Index Number","3","Residential property","8ACTE","Australian Capital Territory","Q","Quarterly","2020-Q2","Jun-2020",129.2,,
"1","Index Number","3","Residential property","8ACTE","Australian Capital Territory","Q","Quarterly","2020-Q3","Sep-2020",130.3,,
"1","Index Number","3","Residential property","8ACTE","Australian Capital Territory","Q","Quarterly","2020-Q4","Dec-2020",134.7,,
"3","Percentage change from corresponding quarter of the previous year","3","Residential property","6GHOB","Greater Hobart","Q","Quarterly","2019-Q1","Mar-2019",4.6,,
"3","Percentage change from corresponding quarter of the previous year","3","Residential property","6GHOB","Greater Hobart","Q","Quarterly","2019-Q2","Jun-2019",2,,
"3","Percentage change from corresponding quarter of the previous year","3","Residential property","6GHOB","Greater Hobart","Q","Quarterly","2019-Q3","Sep-2019",2.1,,
"3","Percentage change from corresponding quarter of the previous year","3","Residential property","6GHOB","Greater Hobart","Q","Quarterly","2019-Q4","Dec-2019",4.1,,
"3","Percentage change from corresponding quarter of the previous year","3","Residential property","6GHOB","Greater Hobart","Q","Quarterly","2020-Q1","Mar-2020",7,,
"3","Percentage change from corresponding quarter of the previous year","3","Residential property","6GHOB","Greater Hobart","Q","Quarterly","2020-Q2","Jun-2020",6.1,,
"3","Percentage change from corresponding quarter of the previous year","3","Residential property","6GHOB","Greater Hobart","Q","Quarterly","2020-Q3","Sep-2020",6,,
"3","Percentage change from corresponding quarter of the previous year","3","Residential property","6GHOB","Greater Hobart","Q","Quarterly","2020-Q4","Dec-2020",6.4,,
"3","Percentage change from corresponding quarter of the previous year","3","Residential property","4GADE","Greater Adelaide","Q","Quarterly","2019-Q1","Mar-2019",0.8,,
"3","Percentage change from corresponding quarter of the previous year","3","Residential property","4GADE","Greater Adelaide","Q","Quarterly","2019-Q2","Jun-2019",-0.1,,
"3","Percentage change from corresponding quarter of the previous year","3","Residential property","4GADE","Greater Adelaide","Q","Quarterly","2019-Q3","Sep-2019",-1,,
"3","Percentage change from corresponding quarter of the previous year","3","Residential property","4GADE","Greater Adelaide","Q","Quarterly","2019-Q4","Dec-2019",0.3,,
"3","Percentage change from corresponding quarter of the previous year","3","Residential property","4GADE","Greater Adelaide","Q","Quarterly","2020-Q1","Mar-2020",0.9,,
"3","Percentage change from corresponding quarter of the previous year","3","Residential property","4GADE","Greater Adelaide","Q","Quarterly","2020-Q2","Jun-2020",0.7,,
"3","Percentage change from corresponding quarter of the previous year","3","Residential property","4GADE","Greater Adelaide","Q","Quarterly","2020-Q3","Sep-2020",2.6,,
"3","Percentage change from corresponding quarter of the previous year","3","Residential property","4GADE","Greater Adelaide","Q","Quarterly","2020-Q4","Dec-2020",3.8,,
"3","Percentage change from corresponding quarter of the previous year","2","Established houses","2GMEL","Greater Melbourne","Q","Quarterly","2019-Q1","Mar-2019",-10.5,,
"3","Percentage change from corresponding quarter of the previous year","2","Established houses","2GMEL","Greater Melbourne","Q","Quarterly","2019-Q2","Jun-2019",-10.5,,
"3","Percentage change from corresponding quarter of the previous year","2","Established houses","2GMEL","Greater Melbourne","Q","Quarterly","2019-Q3","Sep-2019",-4.3,,
"3","Percentage change from corresponding quarter of the previous year","2","Established houses","2GMEL","Greater Melbourne","Q","Quarterly","2019-Q4","Dec-2019",4.4,,
"3","Percentage change from corresponding quarter of the previous year","2","Established houses","2GMEL","Greater Melbourne","Q","Quarterly","2020-Q1","Mar-2020",10.8,,
"3","Percentage change from corresponding quarter of the previous year","2","Established houses","2GMEL","Greater Melbourne","Q","Quarterly","2020-Q2","Jun-2020",8.9,,
"3","Percentage change from corresponding quarter of the previous year","2","Established houses","2GMEL","Greater Melbourne","Q","Quarterly","2020-Q3","Sep-2020",4.7,,
"3","Percentage change from corresponding quarter of the previous year","2","Established houses","2GMEL","Greater Melbourne","Q","Quarterly","2020-Q4","Dec-2020",2.8,,
"1","Index Number","3","Residential property","1GSYD","Greater Sydney","Q","Quarterly","2019-Q1","Mar-2019",154.2,,
"1","Index Number","3","Residential property","1GSYD","Greater Sydney","Q","Quarterly","2019-Q2","Jun-2019",153.5,,
"1","Index Number","3","Residential property","1GSYD","Greater Sydney","Q","Quarterly","2019-Q3","Sep-2019",159,,
"1","Index Number","3","Residential property","1GSYD","Greater Sydney","Q","Quarterly","2019-Q4","Dec-2019",166.4,,
"1","Index Number","3","Residential property","1GSYD","Greater Sydney","Q","Quarterly","2020-Q1","Mar-2020",169.6,,
"1","Index Number","3","Residential property","1GSYD","Greater Sydney","Q","Quarterly","2020-Q2","Jun-2020",165.9,,
"1","Index Number","3","Residential property","1GSYD","Greater Sydney","Q","Quarterly","2020-Q3","Sep-2020",167.6,,
"1","Index Number","3","Residential property","1GSYD","Greater Sydney","Q","Quarterly","2020-Q4","Dec-2020",172.6,,
"3","Percentage change from corresponding quarter of the previous year","3","Residential property","5GPER","Greater Perth","Q","Quarterly","2019-Q1","Mar-2019",-2.7,,
"3","Percentage change from corresponding quarter of the previous year","3","Residential property","5GPER","Greater Perth","Q","Quarterly","2019-Q2","Jun-2019",-3.9,,
"3","Percentage change from corresponding quarter of the previous year","3","Residential property","5GPER","Greater Perth","Q","Quarterly","2019-Q3","Sep-2019",-4.6,,
"3","Percentage change from corresponding quarter of the previous year","3","Residential property","5GPER","Greater Perth","Q","Quarterly","2019-Q4","Dec-2019",-2.5,,
"3","Percentage change from corresponding quarter of the previous year","3","Residential property","5GPER","Greater Perth","Q","Quarterly","2020-Q1","Mar-2020",-0.9,,
"3","Percentage change from corresponding quarter of the previous year","3","Residential property","5GPER","Greater Perth","Q","Quarterly","2020-Q2","Jun-2020",-0.2,,
"3","Percentage change from corresponding quarter of the previous year","3","Residential property","5GPER","Greater Perth","Q","Quarterly","2020-Q3","Sep-2020",2.4,,
"3","Percentage change from corresponding quarter of the previous year","3","Residential property","5GPER","Greater Perth","Q","Quarterly","2020-Q4","Dec-2020",4.2,,
"2","Percentage change from previous quarter","3","Residential property","2GMEL","Greater Melbourne","Q","Quarterly","2019-Q1","Mar-2019",-3.8,,
"2","Percentage change from previous quarter","3","Residential property","2GMEL","Greater Melbourne","Q","Quarterly","2019-Q2","Jun-2019",-0.8,,
"2","Percentage change from previous quarter","3","Residential property","2GMEL","Greater Melbourne","Q","Quarterly","2019-Q3","Sep-2019",3.6,,
"2","Percentage change from previous quarter","3","Residential property","2GMEL","Greater Melbourne","Q","Quarterly","2019-Q4","Dec-2019",5.2,,
"2","Percentage change from previous quarter","3","Residential property","2GMEL","Greater Melbourne","Q","Quarterly","2020-Q1","Mar-2020",2.1,,
"2","Percentage change from previous quarter","3","Residential property","2GMEL","Greater Melbourne","Q","Quarterly","2020-Q2","Jun-2020",-2.3,,
"2","Percentage change from previous quarter","3","Residential property","2GMEL","Greater Melbourne","Q","Quarterly","2020-Q3","Sep-2020",-0.3,,
"2","Percentage change from previous quarter","3","Residential property","2GMEL","Greater Melbourne","Q","Quarterly","2020-Q4","Dec-2020",3.4,,
"3","Percentage change from corresponding quarter of the previous year","1","Attached dwellings","100","Weighted average of eight capital cities","Q","Quarterly","2019-Q1","Mar-2019",-6.4,,
"3","Percentage change from corresponding quarter of the previous year","1","Attached dwellings","100","Weighted average of eight capital cities","Q","Quarterly","2019-Q2","Jun-2019",-6.5,,
"3","Percentage change from corresponding quarter of the previous year","1","Attached dwellings","100","Weighted average of eight capital cities","Q","Quarterly","2019-Q3","Sep-2019",-3.2,,
"3","Percentage change from corresponding quarter of the previous year","1","Attached dwellings","100","Weighted average of eight capital cities","Q","Quarterly","2019-Q4","Dec-2019",1.9,,
"3","Percentage change from corresponding quarter of the previous year","1","Attached dwellings","100","Weighted average of eight capital cities","Q","Quarterly","2020-Q1","Mar-2020",5.8,,
"3","Percentage change from corresponding quarter of the previous year","1","Attached dwellings","100","Weighted average of eight capital cities","Q","Quarterly","2020-Q2","Jun-2020",5.4,,
"3","Percentage change from corresponding quarter of the previous year","1","Attached dwellings","100","Weighted average of eight capital cities","Q","Quarterly","2020-Q3","Sep-2020",3.1,,
"3","Percentage change from corresponding quarter of the previous year","1","Attached dwellings","100","Weighted average of eight capital cities","Q","Quarterly","2020-Q4","Dec-2020",1.6,,
"1","Index Number","3","Residential property","4GADE","Greater Adelaide","Q","Quarterly","2019-Q1","Mar-2019",121,,
"1","Index Number","3","Residential property","4GADE","Greater Adelaide","Q","Quarterly","2019-Q2","Jun-2019",120.3,,
"1","Index Number","3","Residential property","4GADE","Greater Adelaide","Q","Quarterly","2019-Q3","Sep-2019",119.9,,
"1","Index Number","3","Residential property","4GADE","Greater Adelaide","Q","Quarterly","2019-Q4","Dec-2019",121.6,,
"1","Index Number","3","Residential property","4GADE","Greater Adelaide","Q","Quarterly","2020-Q1","Mar-2020",122.1,,
"1","Index Number","3","Residential property","4GADE","Greater Adelaide","Q","Quarterly","2020-Q2","Jun-2020",121.1,,
"1","Index Number","3","Residential property","4GADE","Greater Adelaide","Q","Quarterly","2020-Q3","Sep-2020",123,,
"1","Index Number","3","Residential property","4GADE","Greater Adelaide","Q","Quarterly","2020-Q4","Dec-2020",126.2,,
"2","Percentage change from previous quarter","1","Attached dwellings","7GDAR","Greater Darwin","Q","Quarterly","2019-Q1","Mar-2019",-1.5,,
"2","Percentage change from previous quarter","1","Attached dwellings","7GDAR","Greater Darwin","Q","Quarterly","2019-Q2","Jun-2019",-2.6,,
"2","Percentage change from previous quarter","1","Attached dwellings","7GDAR","Greater Darwin","Q","Quarterly","2019-Q3","Sep-2019",-2.6,,
"2","Percentage change from previous quarter","1","Attached dwellings","7GDAR","Greater Darwin","Q","Quarterly","2019-Q4","Dec-2019",-0.6,,
"2","Percentage change from previous quarter","1","Attached dwellings","7GDAR","Greater Darwin","Q","Quarterly","2020-Q1","Mar-2020",0.5,,
"2","Percentage change from previous quarter","1","Attached dwellings","7GDAR","Greater Darwin","Q","Quarterly","2020-Q2","Jun-2020",-1.4,"i","imputed"
"2","Percentage change from previous quarter","1","Attached dwellings","7GDAR","Greater Darwin","Q","Quarterly","2020-Q3","Sep-2020",0.3,"i","imputed"
"2","Percentage change from previous quarter","1","Attached dwellings","7GDAR","Greater Darwin","Q","Quarterly","2020-Q4","Dec-2020",1.8,,
"1","Index Number","2","Established houses","7GDAR","Greater Darwin","Q","Quarterly","2019-Q1","Mar-2019",94.4,,
"1","Index Number","2","Established houses","7GDAR","Greater Darwin","Q","Quarterly","2019-Q2","Jun-2019",93,,
"1","Index Number","2","Established houses","7GDAR","Greater Darwin","Q","Quarterly","2019-Q3","Sep-2019",92.4,,
"1","Index Number","2","Established houses","7GDAR","Greater Darwin","Q","Quarterly","2019-Q4","Dec-2019",91.7,,
"1","Index Number","2","Established houses","7GDAR","Greater Darwin","Q","Quarterly","2020-Q1","Mar-2020",92.4,,
"1","Index Number","2","Established houses","7GDAR","Greater Darwin","Q","Quarterly","2020-Q2","Jun-2020",91.1,,
"1","Index Number","2","Established houses","7GDAR","Greater Darwin","Q","Quarterly","2020-Q3","Sep-2020",92,"i","imputed"
"1","Index Number","2","Established houses","7GDAR","Greater Darwin","Q","Quarterly","2020-Q4","Dec-2020",94.2,,
"1","Index Number","2","Established houses","5GPER","Greater Perth","Q","Quarterly","2019-Q1","Mar-2019",102.6,,
"1","Index Number","2","Established houses","5GPER","Greater Perth","Q","Quarterly","2019-Q2","Jun-2019",101.5,,
"1","Index Number","2","Established houses","5GPER","Greater Perth","Q","Quarterly","2019-Q3","Sep-2019",99.8,,
"1","Index Number","2","Established houses","5GPER","Greater Perth","Q","Quarterly","2019-Q4","Dec-2019",101.2,,
"1","Index Number","2","Established houses","5GPER","Greater Perth","Q","Quarterly","2020-Q1","Mar-2020",102,,
"1","Index Number","2","Established houses","5GPER","Greater Perth","Q","Quarterly","2020-Q2","Jun-2020",101.7,,
"1","Index Number","2","Established houses","5GPER","Greater Perth","Q","Quarterly","2020-Q3","Sep-2020",103.2,,
"1","Index Number","2","Established houses","5GPER","Greater Perth","Q","Quarterly","2020-Q4","Dec-2020",106.3,,
"3","Percentage change from corresponding quarter of the previous year","2","Established houses","3GBRI","Greater Brisbane","Q","Quarterly","2019-Q1","Mar-2019",-0.9,,
"3","Percentage change from corresponding quarter of the previous year","2","Established houses","3GBRI","Greater Brisbane","Q","Quarterly","2019-Q2","Jun-2019",-2.6,,
"3","Percentage change from corresponding quarter of the previous year","2","Established houses","3GBRI","Greater Brisbane","Q","Quarterly","2019-Q3","Sep-2019",-2.5,,
"3","Percentage change from corresponding quarter of the previous year","2","Established houses","3GBRI","Greater Brisbane","Q","Quarterly","2019-Q4","Dec-2019",0.5,,
"3","Percentage change from corresponding quarter of the previous year","2","Established houses","3GBRI","Greater Brisbane","Q","Quarterly","2020-Q1","Mar-2020",3.1,,
"3","Percentage change from corresponding quarter of the previous year","2","Established houses","3GBRI","Greater Brisbane","Q","Quarterly","2020-Q2","Jun-2020",3.1,,
"3","Percentage change from corresponding quarter of the previous year","2","Established houses","3GBRI","Greater Brisbane","Q","Quarterly","2020-Q3","Sep-2020",3.8,,
"3","Percentage change from corresponding quarter of the previous year","2","Established houses","3GBRI","Greater Brisbane","Q","Quarterly","2020-Q4","Dec-2020",4.7,,
"3","Percentage change from corresponding quarter of the previous year","1","Attached dwellings","2GMEL","Greater Melbourne","Q","Quarterly","2019-Q1","Mar-2019",-5.7,,
"3","Percentage change from corresponding quarter of the previous year","1","Attached dwellings","2GMEL","Greater Melbourne","Q","Quarterly","2019-Q2","Jun-2019",-5.8,,
"3","Percentage change from corresponding quarter of the previous year","1","Attached dwellings","2GMEL","Greater Melbourne","Q","Quarterly","2019-Q3","Sep-2019",-1.2,,
"3","Percentage change from corresponding quarter of the previous year","1","Attached dwellings","2GMEL","Greater Melbourne","Q","Quarterly","2019-Q4","Dec-2019",3.2,,
"3","Percentage change from corresponding quarter of the previous year","1","Attached dwellings","2GMEL","Greater Melbourne","Q","Quarterly","2020-Q1","Mar-2020",9.3,,
"3","Percentage change from corresponding quarter of the previous year","1","Attached dwellings","2GMEL","Greater Melbourne","Q","Quarterly","2020-Q2","Jun-2020",8.6,,
"3","Percentage change from corresponding quarter of the previous year","1","Attached dwellings","2GMEL","Greater Melbourne","Q","Quarterly","2020-Q3","Sep-2020",4.7,,
"3","Percentage change from corresponding quarter of the previous year","1","Attached dwellings","2GMEL","Greater Melbourne","Q","Quarterly","2020-Q4","Dec-2020",2.9,,
"2","Percentage change from previous quarter","2","Established houses","2GMEL","Greater Melbourne","Q","Quarterly","2019-Q1","Mar-2019",-3.7,,
"2","Percentage change from previous quarter","2","Established houses","2GMEL","Greater Melbourne","Q","Quarterly","2019-Q2","Jun-2019",-1,,
"2","Percentage change from previous quarter","2","Established houses","2GMEL","Greater Melbourne","Q","Quarterly","2019-Q3","Sep-2019",3.7,,
"2","Percentage change from previous quarter","2","Established houses","2GMEL","Greater Melbourne","Q","Quarterly","2019-Q4","Dec-2019",5.5,,
"2","Percentage change from previous quarter","2","Established houses","2GMEL","Greater Melbourne","Q","Quarterly","2020-Q1","Mar-2020",2.3,,
"2","Percentage change from previous quarter","2","Established houses","2GMEL","Greater Melbourne","Q","Quarterly","2020-Q2","Jun-2020",-2.8,,
"2","Percentage change from previous quarter","2","Established houses","2GMEL","Greater Melbourne","Q","Quarterly","2020-Q3","Sep-2020",-0.3,,
"2","Percentage change from previous quarter","2","Established houses","2GMEL","Greater Melbourne","Q","Quarterly","2020-Q4","Dec-2020",3.7,,
"2","Percentage change from previous quarter","3","Residential property","5GPER","Greater Perth","Q","Quarterly","2019-Q1","Mar-2019",-1.1,,
"2","Percentage change from previous quarter","3","Residential property","5GPER","Greater Perth","Q","Quarterly","2019-Q2","Jun-2019",-1.4,,
"2","Percentage change from previous quarter","3","Residential property","5GPER","Greater Perth","Q","Quarterly","2019-Q3","Sep-2019",-1.2,,
"2","Percentage change from previous quarter","3","Residential property","5GPER","Greater Perth","Q","Quarterly","2019-Q4","Dec-2019",1.1,,
"2","Percentage change from previous quarter","3","Residential property","5GPER","Greater Perth","Q","Quarterly","2020-Q1","Mar-2020",0.6,,
"2","Percentage change from previous quarter","3","Residential property","5GPER","Greater Perth","Q","Quarterly","2020-Q2","Jun-2020",-0.7,,
"2","Percentage change from previous quarter","3","Residential property","5GPER","Greater Perth","Q","Quarterly","2020-Q3","Sep-2020",1.4,,
"2","Percentage change from previous quarter","3","Residential property","5GPER","Greater Perth","Q","Quarterly","2020-Q4","Dec-2020",2.9,,
"1","Index Number","3","Residential property","100","Weighted average of eight capital cities","Q","Quarterly","2019-Q1","Mar-2019",135.8,,
"1","Index Number","3","Residential property","100","Weighted average of eight capital cities","Q","Quarterly","2019-Q2","Jun-2019",134.8,,
"1","Index Number","3","Residential property","100","Weighted average of eight capital cities","Q","Quarterly","2019-Q3","Sep-2019",138.1,,
"1","Index Number","3","Residential property","100","Weighted average of eight capital cities","Q","Quarterly","2019-Q4","Dec-2019",143.5,,
"1","Index Number","3","Residential property","100","Weighted average of eight capital cities","Q","Quarterly","2020-Q1","Mar-2020",145.8,,
"1","Index Number","3","Residential property","100","Weighted average of eight capital cities","Q","Quarterly","2020-Q2","Jun-2020",143.2,,
"1","Index Number","3","Residential property","100","Weighted average of eight capital cities","Q","Quarterly","2020-Q3","Sep-2020",144.3,,
"1","Index Number","3","Residential property","100","Weighted average of eight capital cities","Q","Quarterly","2020-Q4","Dec-2020",148.7,,
"3","Percentage change from corresponding quarter of the previous year","2","Established houses","5GPER","Greater Perth","Q","Quarterly","2019-Q1","Mar-2019",-2.5,,
"3","Percentage change from corresponding quarter of the previous year","2","Established houses","5GPER","Greater Perth","Q","Quarterly","2019-Q2","Jun-2019",-3.7,,
"3","Percentage change from corresponding quarter of the previous year","2","Established houses","5GPER","Greater Perth","Q","Quarterly","2019-Q3","Sep-2019",-4.9,,
"3","Percentage change from corresponding quarter of the previous year","2","Established houses","5GPER","Greater Perth","Q","Quarterly","2019-Q4","Dec-2019",-2.7,,
"3","Percentage change from corresponding quarter of the previous year","2","Established houses","5GPER","Greater Perth","Q","Quarterly","2020-Q1","Mar-2020",-0.6,,
"3","Percentage change from corresponding quarter of the previous year","2","Established houses","5GPER","Greater Perth","Q","Quarterly","2020-Q2","Jun-2020",0.2,,
"3","Percentage change from corresponding quarter of the previous year","2","Established houses","5GPER","Greater Perth","Q","Quarterly","2020-Q3","Sep-2020",3.4,,
"3","Percentage change from corresponding quarter of the previous year","2","Established houses","5GPER","Greater Perth","Q","Quarterly","2020-Q4","Dec-2020",5,,
"3","Percentage change from corresponding quarter of the previous year","3","Residential property","8ACTE","Australian Capital Territory","Q","Quarterly","2019-Q1","Mar-2019",0,,
"3","Percentage change from corresponding quarter of the previous year","3","Residential property","8ACTE","Australian Capital Territory","Q","Quarterly","2019-Q2","Jun-2019",-0.4,,
"3","Percentage change from corresponding quarter of the previous year","3","Residential property","8ACTE","Australian Capital Territory","Q","Quarterly","2019-Q3","Sep-2019",-1.4,,
"3","Percentage change from corresponding quarter of the previous year","3","Residential property","8ACTE","Australian Capital Territory","Q","Quarterly","2019-Q4","Dec-2019",1.9,,
"3","Percentage change from corresponding quarter of the previous year","3","Residential property","8ACTE","Australian Capital Territory","Q","Quarterly","2020-Q1","Mar-2020",3,,
"3","Percentage change from corresponding quarter of the previous year","3","Residential property","8ACTE","Australian Capital Territory","Q","Quarterly","2020-Q2","Jun-2020",3.6,,
"3","Percentage change from corresponding quarter of the previous year","3","Residential property","8ACTE","Australian Capital Territory","Q","Quarterly","2020-Q3","Sep-2020",5,,
"3","Percentage change from corresponding quarter of the previous year","3","Residential property","8ACTE","Australian Capital Territory","Q","Quarterly","2020-Q4","Dec-2020",5.2,,
"1","Index Number","2","Established houses","4GADE","Greater Adelaide","Q","Quarterly","2019-Q1","Mar-2019",123.7,,
"1","Index Number","2","Established houses","4GADE","Greater Adelaide","Q","Quarterly","2019-Q2","Jun-2019",122.8,,
"1","Index Number","2","Established houses","4GADE","Greater Adelaide","Q","Quarterly","2019-Q3","Sep-2019",122.4,,
"1","Index Number","2","Established houses","4GADE","Greater Adelaide","Q","Quarterly","2019-Q4","Dec-2019",124.4,,
"1","Index Number","2","Established houses","4GADE","Greater Adelaide","Q","Quarterly","2020-Q1","Mar-2020",124.9,,
"1","Index Number","2","Established houses","4GADE","Greater Adelaide","Q","Quarterly","2020-Q2","Jun-2020",123.6,,
"1","Index Number","2","Established houses","4GADE","Greater Adelaide","Q","Quarterly","2020-Q3","Sep-2020",125.9,,
"1","Index Number","2","Established houses","4GADE","Greater Adelaide","Q","Quarterly","2020-Q4","Dec-2020",129.2,,
"1","Index Number","3","Residential property","2GMEL","Greater Melbourne","Q","Quarterly","2019-Q1","Mar-2019",139,,
"1","Index Number","3","Residential property","2GMEL","Greater Melbourne","Q","Quarterly","2019-Q2","Jun-2019",137.9,,
"1","Index Number","3","Residential property","2GMEL","Greater Melbourne","Q","Quarterly","2019-Q3","Sep-2019",142.9,,
"1","Index Number","3","Residential property","2GMEL","Greater Melbourne","Q","Quarterly","2019-Q4","Dec-2019",150.4,,
"1","Index Number","3","Residential property","2GMEL","Greater Melbourne","Q","Quarterly","2020-Q1","Mar-2020",153.5,,
"1","Index Number","3","Residential property","2GMEL","Greater Melbourne","Q","Quarterly","2020-Q2","Jun-2020",150,,
"1","Index Number","3","Residential property","2GMEL","Greater Melbourne","Q","Quarterly","2020-Q3","Sep-2020",149.6,,
"1","Index Number","3","Residential property","2GMEL","Greater Melbourne","Q","Quarterly","2020-Q4","Dec-2020",154.7,,
"2","Percentage change from previous quarter","1","Attached dwellings","8ACTE","Australian Capital Territory","Q","Quarterly","2019-Q1","Mar-2019",-0.1,,
"2","Percentage change from previous quarter","1","Attached dwellings","8ACTE","Australian Capital Territory","Q","Quarterly","2019-Q2","Jun-2019",-1.2,,
"2","Percentage change from previous quarter","1","Attached dwellings","8ACTE","Australian Capital Territory","Q","Quarterly","2019-Q3","Sep-2019",2.4,,
"2","Percentage change from previous quarter","1","Attached dwellings","8ACTE","Australian Capital Territory","Q","Quarterly","2019-Q4","Dec-2019",2.7,,
"2","Percentage change from previous quarter","1","Attached dwellings","8ACTE","Australian Capital Territory","Q","Quarterly","2020-Q1","Mar-2020",-2.4,,
"2","Percentage change from previous quarter","1","Attached dwellings","8ACTE","Australian Capital Territory","Q","Quarterly","2020-Q2","Jun-2020",0.7,,
"2","Percentage change from previous quarter","1","Attached dwellings","8ACTE","Australian Capital Territory","Q","Quarterly","2020-Q3","Sep-2020",0.8,,
"2","Percentage change from previous quarter","1","Attached dwellings","8ACTE","Australian Capital Territory","Q","Quarterly","2020-Q4","Dec-2020",3.1,,
"1","Index Number","2","Established houses","6GHOB","Greater Hobart","Q","Quarterly","2019-Q1","Mar-2019",145.9,,
"1","Index Number","2","Established houses","6GHOB","Greater Hobart","Q","Quarterly","2019-Q2","Jun-2019",146.4,,
"1","Index Number","2","Established houses","6GHOB","Greater Hobart","Q","Quarterly","2019-Q3","Sep-2019",148.6,,
"1","Index Number","2","Established houses","6GHOB","Greater Hobart","Q","Quarterly","2019-Q4","Dec-2019",152.4,,
"1","Index Number","2","Established houses","6GHOB","Greater Hobart","Q","Quarterly","2020-Q1","Mar-2020",156.1,,
"1","Index Number","2","Established houses","6GHOB","Greater Hobart","Q","Quarterly","2020-Q2","Jun-2020",155.5,,
"1","Index Number","2","Established houses","6GHOB","Greater Hobart","Q","Quarterly","2020-Q3","Sep-2020",157.3,,
"1","Index Number","2","Established houses","6GHOB","Greater Hobart","Q","Quarterly","2020-Q4","Dec-2020",162.4,,
"1","Index Number","1","Attached dwellings","3GBRI","Greater Brisbane","Q","Quarterly","2019-Q1","Mar-2019",107.6,,
"1","Index Number","1","Attached dwellings","3GBRI","Greater Brisbane","Q","Quarterly","2019-Q2","Jun-2019",107.5,,
"1","Index Number","1","Attached dwellings","3GBRI","Greater Brisbane","Q","Quarterly","2019-Q3","Sep-2019",107.9,,
"1","Index Number","1","Attached dwellings","3GBRI","Greater Brisbane","Q","Quarterly","2019-Q4","Dec-2019",108.8,,
"1","Index Number","1","Attached dwellings","3GBRI","Greater Brisbane","Q","Quarterly","2020-Q1","Mar-2020",107.7,,
"1","Index Number","1","Attached dwellings","3GBRI","Greater Brisbane","Q","Quarterly","2020-Q2","Jun-2020",106.8,,
"1","Index Number","1","Attached dwellings","3GBRI","Greater Brisbane","Q","Quarterly","2020-Q3","Sep-2020",108.2,,
"1","Index Number","1","Attached dwellings","3GBRI","Greater Brisbane","Q","Quarterly","2020-Q4","Dec-2020",109.9,,
"2","Percentage change from previous quarter","1","Attached dwellings","4GADE","Greater Adelaide","Q","Quarterly","2019-Q1","Mar-2019",-0.1,,
"2","Percentage change from previous quarter","1","Attached dwellings","4GADE","Greater Adelaide","Q","Quarterly","2019-Q2","Jun-2019",0,,
"2","Percentage change from previous quarter","1","Attached dwellings","4GADE","Greater Adelaide","Q","Quarterly","2019-Q3","Sep-2019",-0.4,,
"2","Percentage change from previous quarter","1","Attached dwellings","4GADE","Greater Adelaide","Q","Quarterly","2019-Q4","Dec-2019",0.6,,
"2","Percentage change from previous quarter","1","Attached dwellings","4GADE","Greater Adelaide","Q","Quarterly","2020-Q1","Mar-2020",0.4,,
"2","Percentage change from previous quarter","1","Attached dwellings","4GADE","Greater Adelaide","Q","Quarterly","2020-Q2","Jun-2020",-0.2,,
"2","Percentage change from previous quarter","1","Attached dwellings","4GADE","Greater Adelaide","Q","Quarterly","2020-Q3","Sep-2020",0.9,,
"2","Percentage change from previous quarter","1","Attached dwellings","4GADE","Greater Adelaide","Q","Quarterly","2020-Q4","Dec-2020",2.2,,
"3","Percentage change from corresponding quarter of the previous year","2","Established houses","7GDAR","Greater Darwin","Q","Quarterly","2019-Q1","Mar-2019",-2.6,,
"3","Percentage change from corresponding quarter of the previous year","2","Established houses","7GDAR","Greater Darwin","Q","Quarterly","2019-Q2","Jun-2019",-3.3,,
"3","Percentage change from corresponding quarter of the previous year","2","Established houses","7GDAR","Greater Darwin","Q","Quarterly","2019-Q3","Sep-2019",-4,,
"3","Percentage change from corresponding quarter of the previous year","2","Established houses","7GDAR","Greater Darwin","Q","Quarterly","2019-Q4","Dec-2019",-4.8,,
"3","Percentage change from corresponding quarter of the previous year","2","Established houses","7GDAR","Greater Darwin","Q","Quarterly","2020-Q1","Mar-2020",-2.1,,
"3","Percentage change from corresponding quarter of the previous year","2","Established houses","7GDAR","Greater Darwin","Q","Quarterly","2020-Q2","Jun-2020",-2,,
"3","Percentage change from corresponding quarter of the previous year","2","Established houses","7GDAR","Greater Darwin","Q","Quarterly","2020-Q3","Sep-2020",-0.4,"i","imputed"
"3","Percentage change from corresponding quarter of the previous year","2","Established houses","7GDAR","Greater Darwin","Q","Quarterly","2020-Q4","Dec-2020",2.7,,
"2","Percentage change from previous quarter","3","Residential property","7GDAR","Greater Darwin","Q","Quarterly","2019-Q1","Mar-2019",-1.8,,
"2","Percentage change from previous quarter","3","Residential property","7GDAR","Greater Darwin","Q","Quarterly","2019-Q2","Jun-2019",-1.8,,
"2","Percentage change from previous quarter","3","Residential property","7GDAR","Greater Darwin","Q","Quarterly","2019-Q3","Sep-2019",-1.2,,
"2","Percentage change from previous quarter","3","Residential property","7GDAR","Greater Darwin","Q","Quarterly","2019-Q4","Dec-2019",-0.8,,
"2","Percentage change from previous quarter","3","Residential property","7GDAR","Greater Darwin","Q","Quarterly","2020-Q1","Mar-2020",0.7,,
"2","Percentage change from previous quarter","3","Residential property","7GDAR","Greater Darwin","Q","Quarterly","2020-Q2","Jun-2020",-1.4,,
"2","Percentage change from previous quarter","3","Residential property","7GDAR","Greater Darwin","Q","Quarterly","2020-Q3","Sep-2020",0.8,"i","imputed"
"2","Percentage change from previous quarter","3","Residential property","7GDAR","Greater Darwin","Q","Quarterly","2020-Q4","Dec-2020",2.2,,
"2","Percentage change from previous quarter","1","Attached dwellings","6GHOB","Greater Hobart","Q","Quarterly","2019-Q1","Mar-2019",-1.2,,
"2","Percentage change from previous quarter","1","Attached dwellings","6GHOB","Greater Hobart","Q","Quarterly","2019-Q2","Jun-2019",0.9,,
"2","Percentage change from previous quarter","1","Attached dwellings","6GHOB","Greater Hobart","Q","Quarterly","2019-Q3","Sep-2019",0.1,,
"2","Percentage change from previous quarter","1","Attached dwellings","6GHOB","Greater Hobart","Q","Quarterly","2019-Q4","Dec-2019",3.5,,
"2","Percentage change from previous quarter","1","Attached dwellings","6GHOB","Greater Hobart","Q","Quarterly","2020-Q1","Mar-2020",2.4,,
"2","Percentage change from previous quarter","1","Attached dwellings","6GHOB","Greater Hobart","Q","Quarterly","2020-Q2","Jun-2020",-0.4,"i","imputed"
"2","Percentage change from previous quarter","1","Attached dwellings","6GHOB","Greater Hobart","Q","Quarterly","2020-Q3","Sep-2020",0.9,,
"2","Percentage change from previous quarter","1","Attached dwellings","6GHOB","Greater Hobart","Q","Quarterly","2020-Q4","Dec-2020",3.1,,
"2","Percentage change from previous quarter","1","Attached dwellings","1GSYD","Greater Sydney","Q","Quarterly","2019-Q1","Mar-2019",-3.3,,
"2","Percentage change from previous quarter","1","Attached dwellings","1GSYD","Greater Sydney","Q","Quarterly","2019-Q2","Jun-2019",-1,,
"2","Percentage change from previous quarter","1","Attached dwellings","1GSYD","Greater Sydney","Q","Quarterly","2019-Q3","Sep-2019",2.8,,
"2","Percentage change from previous quarter","1","Attached dwellings","1GSYD","Greater Sydney","Q","Quarterly","2019-Q4","Dec-2019",3.8,,
"2","Percentage change from previous quarter","1","Attached dwellings","1GSYD","Greater Sydney","Q","Quarterly","2020-Q1","Mar-2020",0.8,,
"2","Percentage change from previous quarter","1","Attached dwellings","1GSYD","Greater Sydney","Q","Quarterly","2020-Q2","Jun-2020",-1.4,,
"2","Percentage change from previous quarter","1","Attached dwellings","1GSYD","Greater Sydney","Q","Quarterly","2020-Q3","Sep-2020",0.2,,
"2","Percentage change from previous quarter","1","Attached dwellings","1GSYD","Greater Sydney","Q","Quarterly","2020-Q4","Dec-2020",1.4,,
"2","Percentage change from previous quarter","3","Residential property","3GBRI","Greater Brisbane","Q","Quarterly","2019-Q1","Mar-2019",-1.5,,
"2","Percentage change from previous quarter","3","Residential property","3GBRI","Greater Brisbane","Q","Quarterly","2019-Q2","Jun-2019",-0.7,,
"2","Percentage change from previous quarter","3","Residential property","3GBRI","Greater Brisbane","Q","Quarterly","2019-Q3","Sep-2019",0.7,,
"2","Percentage change from previous quarter","3","Residential property","3GBRI","Greater Brisbane","Q","Quarterly","2019-Q4","Dec-2019",1.8,,
"2","Percentage change from previous quarter","3","Residential property","3GBRI","Greater Brisbane","Q","Quarterly","2020-Q1","Mar-2020",0.6,,
"2","Percentage change from previous quarter","3","Residential property","3GBRI","Greater Brisbane","Q","Quarterly","2020-Q2","Jun-2020",-0.9,,
"2","Percentage change from previous quarter","3","Residential property","3GBRI","Greater Brisbane","Q","Quarterly","2020-Q3","Sep-2020",1.5,,
"2","Percentage change from previous quarter","3","Residential property","3GBRI","Greater Brisbane","Q","Quarterly","2020-Q4","Dec-2020",2.7,,
"3","Percentage change from corresponding quarter of the previous year","3","Residential property","1GSYD","Greater Sydney","Q","Quarterly","2019-Q1","Mar-2019",-10.3,,
"3","Percentage change from corresponding quarter of the previous year","3","Residential property","1GSYD","Greater Sydney","Q","Quarterly","2019-Q2","Jun-2019",-9.6,,
"3","Percentage change from corresponding quarter of the previous year","3","Residential property","1GSYD","Greater Sydney","Q","Quarterly","2019-Q3","Sep-2019",-4.6,,
"3","Percentage change from corresponding quarter of the previous year","3","Residential property","1GSYD","Greater Sydney","Q","Quarterly","2019-Q4","Dec-2019",3.7,,
"3","Percentage change from corresponding quarter of the previous year","3","Residential property","1GSYD","Greater Sydney","Q","Quarterly","2020-Q1","Mar-2020",10,,
"3","Percentage change from corresponding quarter of the previous year","3","Residential property","1GSYD","Greater Sydney","Q","Quarterly","2020-Q2","Jun-2020",8.1,,
"3","Percentage change from corresponding quarter of the previous year","3","Residential property","1GSYD","Greater Sydney","Q","Quarterly","2020-Q3","Sep-2020",5.4,,
"3","Percentage change from corresponding quarter of the previous year","3","Residential property","1GSYD","Greater Sydney","Q","Quarterly","2020-Q4","Dec-2020",3.7,,
"2","Percentage change from previous quarter","2","Established houses","100","Weighted average of eight capital cities","Q","Quarterly","2019-Q1","Mar-2019",-3.1,,
"2","Percentage change from previous quarter","2","Established houses","100","Weighted average of eight capital cities","Q","Quarterly","2019-Q2","Jun-2019",-0.6,,
"2","Percentage change from previous quarter","2","Established houses","100","Weighted average of eight capital cities","Q","Quarterly","2019-Q3","Sep-2019",2.5,,
"2","Percentage change from previous quarter","2","Established houses","100","Weighted average of eight capital cities","Q","Quarterly","2019-Q4","Dec-2019",4.2,,
"2","Percentage change from previous quarter","2","Established houses","100","Weighted average of eight capital cities","Q","Quarterly","2020-Q1","Mar-2020",2,,
"2","Percentage change from previous quarter","2","Established houses","100","Weighted average of eight capital cities","Q","Quarterly","2020-Q2","Jun-2020",-2.1,,
"2","Percentage change from previous quarter","2","Established houses","100","Weighted average of eight capital cities","Q","Quarterly","2020-Q3","Sep-2020",1,,
"2","Percentage change from previous quarter","2","Established houses","100","Weighted average of eight capital cities","Q","Quarterly","2020-Q4","Dec-2020",3.5,,
"1","Index Number","2","Established houses","1GSYD","Greater Sydney","Q","Quarterly","2019-Q1","Mar-2019",158.4,,
"1","Index Number","2","Established houses","1GSYD","Greater Sydney","Q","Quarterly","2019-Q2","Jun-2019",158.1,,
"1","Index Number","2","Established houses","1GSYD","Greater Sydney","Q","Quarterly","2019-Q3","Sep-2019",164.4,,
"1","Index Number","2","Established houses","1GSYD","Greater Sydney","Q","Quarterly","2019-Q4","Dec-2019",172.9,,
"1","Index Number","2","Established houses","1GSYD","Greater Sydney","Q","Quarterly","2020-Q1","Mar-2020",177.4,,
"1","Index Number","2","Established houses","1GSYD","Greater Sydney","Q","Quarterly","2020-Q2","Jun-2020",172.7,,
"1","Index Number","2","Established houses","1GSYD","Greater Sydney","Q","Quarterly","2020-Q3","Sep-2020",175.2,,
"1","Index Number","2","Established houses","1GSYD","Greater Sydney","Q","Quarterly","2020-Q4","Dec-2020",182.1,,
